gene,target_mutation,is_dPAM,is_PE3b,sgRNA,PBS,RTT,ngRNA,eff,PrimeDesign_input,N_mutation,N_deletion,N_insertion,refseq,altseq,cut_sgRNA1,cut_sgRNA2,cut_ngRNA1,cut_ngRNA2,cut_position,target_pos,RTT_flank,PBS_length,RTT_length,ext_seq,0,1,2,3,4,5,6,7,8,9,10,11,12,13,14,15,PBS_GC,RTT_GC,cas9_score,SPROUT,dPAM,PE3b
ATP7B,delG,TRUE,FALSE,CCAGCAATACCTTTTTCTGC,GAAAAAGGTATTGCTG,GCAGCCTTCCGCA,TCCGCAGAAAAAGGTATTGC,0.013333333,GAACTTGGAACAGAGACCTTGGGATACTGCACGGACTTCCAGGCAGTGCCAGGCTGTGGAATTGGGTGCAAAGTCAGCAACGTGGAAGGCATCCTGGCCCACAGTGAGCGCCCTTTGAGTGCACCGGCCAGTCACCTGAATGAGGCTGGCAGCCTTCC(-C)GCAGAAAAAGGTATTGCTGGCTTTTGTCTCTGCAGCTGGTTAAAAGTAGAGGTGGGTCAAACCACAGAGAGCACCACGCCCAGCAGTGATTGCCTCTGCTGTGCGGCAGACGGTTCATGGCTAAGGCACCCAAGCCTGCCTCCCCACACC,0,1,0,GAACTTGGAACAGAGACCTTGGGATACTGCACGGACTTCCAGGCAGTGCCAGGCTGTGGAATTGGGTGCAAAGTCAGCAACGTGGAAGGCATCCTGGCCCACAGTGAGCGCCCTTTGAGTGCACCGGCCAGTCACCTGAATGAGGCTGGCAGCCTTCCCGCAGAAAAAGGTATTGCTGGCTTTTGTCTCTGCAGCTGGTTAAAAGTAGAGGTGGGTCAAACCACAGAGAGCACCACGCCCAGCAGTGATTGCCTCTGCTGTGCGGCAGACGGTTCATGGCTAAGGCACCCAAGCCTGCCTCCCCACACC,GAACTTGGAACAGAGACCTTGGGATACTGCACGGACTTCCAGGCAGTGCCAGGCTGTGGAATTGGGTGCAAAGTCAGCAACGTGGAAGGCATCCTGGCCCACAGTGAGCGCCCTTTGAGTGCACCGGCCAGTCACCTGAATGAGGCTGGCAGCCTTCCGCAGAAAAAGGTATTGCTGGCTTTTGTCTCTGCAGCTGGTTAAAAGTAGAGGTGGGTCAAACCACAGAGAGCACCACGCCCAGCAGTGATTGCCTCTGCTGTGCGGCAGACGGTTCATGGCTAAGGCACCCAAGCCTGCCTCCCCACACC,162,161,-1,171,9,3,10,16,13,GCAGCCTTCCGCAGAAAAAGGTATTGCTG,0.359447209,0.422629208,0.648933572,0.733099688,0.797001881,0.872312047,0.878393468,0.675112249,0,0,0.021432639,0.06418973,0,0.014455808,0.020382321,0.012177664,0.375,0.692307692,9.966,51.30935907,1,0
CFH,24bp_del,FALSE,FALSE,AACATGTTGGGATGGGAAAC,TCCCATCCC,ACTAAAGTTCTGAATAAAGGTGTGCACTTTATGATTGATACTCCAGTT,AATACTAAAGTTCTGAATAA,0.276666667,CCGTGTGTAATATCCCGAGAAATTATGGAAAATTATAACATAGCATTAAGGTGGACAGCCAAACAGAAGCTTTATTCGAGAACAGGTGAATCAGTTGAATTTGTGTGTAAACGGGGATATCGTCTTTCATCACGTTCTCACACATTGCGAACAACATGTTGGGATGGGAAACTGGAGTATC(-CAACTTGTGCAAAAAGATAGAATC)AATCATAAAGTGCACACCTTTATTCAGAACTTTAGTATTAAATCAGTTCTCAATTTCATTTTTTATGTATTGTTTTACTCCTTTTTATTCATACGTAAAATTTTGGATTAATTTGTGAAAATGTAATTATAAGCTGAGACCGGTGGCTCT,0,24,0,CCGTGTGTAATATCCCGAGAAATTATGGAAAATTATAACATAGCATTAAGGTGGACAGCCAAACAGAAGCTTTATTCGAGAACAGGTGAATCAGTTGAATTTGTGTGTAAACGGGGATATCGTCTTTCATCACGTTCTCACACATTGCGAACAACATGTTGGGATGGGAAACTGGAGTATCCAACTTGTGCAAAAAGATAGAATCAATCATAAAGTGCACACCTTTATTCAGAACTTTAGTATTAAATCAGTTCTCAATTTCATTTTTTATGTATTGTTTTACTCCTTTTTATTCATACGTAAAATTTTGGATTAATTTGTGAAAATGTAATTATAAGCTGAGACCGGTGGCTCT,CCGTGTGTAATATCCCGAGAAATTATGGAAAATTATAACATAGCATTAAGGTGGACAGCCAAACAGAAGCTTTATTCGAGAACAGGTGAATCAGTTGAATTTGTGTGTAAACGGGGATATCGTCTTTCATCACGTTCTCACACATTGCGAACAACATGTTGGGATGGGAAACTGGAGTATCAATCATAAAGTGCACACCTTTATTCAGAACTTTAGTATTAAATCAGTTCTCAATTTCATTTTTTATGTATTGTTTTACTCCTTTTTATTCATACGTAAAATTTTGGATTAATTTGTGAAAATGTAATTATAAGCTGAGACCGGTGGCTCT,168,168,227,203,35,12,36,9,48,ACTAAAGTTCTGAATAAAGGTGTGCACTTTATGATTGATACTCCAGTTTCCCATCCC,0.451192775,0.485674854,0.433467092,0,0.13978768,0.165373096,0.431433772,0.424143767,0.113471469,0.464356834,0.473845395,0.484887855,0.47473811,0.142613649,0.282986361,0.308454273,0.666666667,0.333333333,23.007,51.84612274,0,0
CFH,24bp_del,TRUE,FALSE,AACATGTTGGGATGGGAAAC,TCCCATCCC,ACTAAAGTTCTGAATAAAGGTGTGCACTTTATGATTGATACTCGAGTT,AATACTAAAGTTCTGAATAA,1.01,CCGTGTGTAATATCCCGAGAAATTATGGAAAATTATAACATAGCATTAAGGTGGACAGCCAAACAGAAGCTTTATTCGAGAACAGGTGAATCAGTTGAATTTGTGTGTAAACGGGGATATCGTCTTTCATCACGTTCTCACACATTGCGAACAACATGTTGGGATGGGAAACTGGAGTATC(-CAACTTGTGCAAAAAGATAGAATC)AATCATAAAGTGCACACCTTTATTCAGAACTTTAGTATTAAATCAGTTCTCAATTTCATTTTTTATGTATTGTTTTACTCCTTTTTATTCATACGTAAAATTTTGGATTAATTTGTGAAAATGTAATTATAAGCTGAGACCGGTGGCTCT,0,24,0,CCGTGTGTAATATCCCGAGAAATTATGGAAAATTATAACATAGCATTAAGGTGGACAGCCAAACAGAAGCTTTATTCGAGAACAGGTGAATCAGTTGAATTTGTGTGTAAACGGGGATATCGTCTTTCATCACGTTCTCACACATTGCGAACAACATGTTGGGATGGGAAACTGGAGTATCCAACTTGTGCAAAAAGATAGAATCAATCATAAAGTGCACACCTTTATTCAGAACTTTAGTATTAAATCAGTTCTCAATTTCATTTTTTATGTATTGTTTTACTCCTTTTTATTCATACGTAAAATTTTGGATTAATTTGTGAAAATGTAATTATAAGCTGAGACCGGTGGCTCT,CCGTGTGTAATATCCCGAGAAATTATGGAAAATTATAACATAGCATTAAGGTGGACAGCCAAACAGAAGCTTTATTCGAGAACAGGTGAATCAGTTGAATTTGTGTGTAAACGGGGATATCGTCTTTCATCACGTTCTCACACATTGCGAACAACATGTTGGGATGGGAAACTGGAGTATCAATCATAAAGTGCACACCTTTATTCAGAACTTTAGTATTAAATCAGTTCTCAATTTCATTTTTTATGTATTGTTTTACTCCTTTTTATTCATACGTAAAATTTTGGATTAATTTGTGAAAATGTAATTATAAGCTGAGACCGGTGGCTCT,168,168,227,203,35,12,36,9,48,ACTAAAGTTCTGAATAAAGGTGTGCACTTTATGATTGATACTCGAGTTTCCCATCCC,0.449776273,0.484119287,0.433747445,0,0.139787024,0.165372508,0.400377258,0.393618649,0.113012748,0.430940694,0.439745783,0.449988538,0.440271909,0.142613649,0.282986361,0.308454273,0.666666667,0.333333333,23.007,51.84612274,1,0
DMD,delG,TRUE,FALSE,ACTACGAGGCTGGCTCAGGG,TGAGCCAGCC,GGACTCCCCC,GAGAATCCTAGCAGATCTTG,18.30666667,TTTCTATTTTCAAATACACTCCTGAGTCCCTAACCCCCAAAGCAAAATAAGGGGGGGAAAAAACCAAAACCTTTGATTTTATTTTCCAGAGATGATGAACATTTGTTAATCCAGCATTACTGCCAAAGTTTGAACCAGGACTCCCCC(-C)TGAGCCAGCCTCGTAGTCCTGCCCAGATCTTGATTTCCTTAGAGAGTGAGGAAAGAGGGGAGCTAGAGAGAATCCTAGCAGATCTTGAGGAAGAAAACAGGTGAGTTTTCTTTCTAGCTTTGTCATTGGTATGCAGAGTGCATACACTTG,0,1,0,TTTCTATTTTCAAATACACTCCTGAGTCCCTAACCCCCAAAGCAAAATAAGGGGGGGAAAAAACCAAAACCTTTGATTTTATTTTCCAGAGATGATGAACATTTGTTAATCCAGCATTACTGCCAAAGTTTGAACCAGGACTCCCCCCTGAGCCAGCCTCGTAGTCCTGCCCAGATCTTGATTTCCTTAGAGAGTGAGGAAAGAGGGGAGCTAGAGAGAATCCTAGCAGATCTTGAGGAAGAAAACAGGTGAGTTTTCTTTCTAGCTTTGTCATTGGTATGCAGAGTGCATACACTTG,TTTCTATTTTCAAATACACTCCTGAGTCCCTAACCCCCAAAGCAAAATAAGGGGGGGAAAAAACCAAAACCTTTGATTTTATTTTCCAGAGATGATGAACATTTGTTAATCCAGCATTACTGCCAAAGTTTGAACCAGGACTCCCCCTGAGCCAGCCTCGTAGTCCTGCCCAGATCTTGATTTCCTTAGAGAGTGAGGAAAGAGGGGAGCTAGAGAGAATCCTAGCAGATCTTGAGGAAGAAAACAGGTGAGTTTTCTTTCTAGCTTTGTCATTGGTATGCAGAGTGCATACACTTG,148,147,231,230,82,1,9,10,10,GGACTCCCCCTGAGCCAGCC,0.800638541,0.843919221,0.88604711,0.93463521,0.83351159,0.05316222,0.056839472,0.308940435,0.326274901,0.225379248,0.234130906,0.024175418,0.54121322,0.632439224,0.737848376,0.879765878,0.7,0.8,62.21,58.86895359,1,0
GATA2,delTGT,FALSE,TRUE,GTTTCGGCGCCATAAGGTGG,CCTTATGGCGCC,GCAAATTGTCAGACGACCACCA,GTCAGACGACCACCACCTTA,16.35333333,GGGAGGGGGGTCGAGGTGGGCGTGGGAGTCCAGCCTGCTGACGCTGCCTTGCCCTCCCAGTCGGCCGCCAGAAGAGCCGGCACCTGTTGTGCAAATTGTCAGACG(-ACA)ACCACCACCTTATGGCGCCGAAACGCCAACGGGGACCCTGTCTGCAACGCCTGTGGCCTCTACTACAAGCTGCACAATGTGAGTGCGCCCCGCCCCGGCCACCCCGCCCCTCCCAGGGGACCTCTGCGCTTTGTGCTGCCAGGCAAGAGG,0,3,0,GGGAGGGGGGTCGAGGTGGGCGTGGGAGTCCAGCCTGCTGACGCTGCCTTGCCCTCCCAGTCGGCCGCCAGAAGAGCCGGCACCTGTTGTGCAAATTGTCAGACGACAACCACCACCTTATGGCGCCGAAACGCCAACGGGGACCCTGTCTGCAACGCCTGTGGCCTCTACTACAAGCTGCACAATGTGAGTGCGCCCCGCCCCGGCCACCCCGCCCCTCCCAGGGGACCTCTGCGCTTTGTGCTGCCAGGCAAGAGG,GGGAGGGGGGTCGAGGTGGGCGTGGGAGTCCAGCCTGCTGACGCTGCCTTGCCCTCCCAGTCGGCCGCCAGAAGAGCCGGCACCTGTTGTGCAAATTGTCAGACGACCACCACCTTATGGCGCCGAAACGCCAACGGGGACCCTGTCTGCAACGCCTGTGGCCTCTACTACAAGCTGCACAATGTGAGTGCGCCCCGCCCCGGCCACCCCGCCCCTCCCAGGGGACCTCTGCGCTTTGTGCTGCCAGGCAAGAGG,115,112,-1,113,-2,7,15,12,22,GCAAATTGTCAGACGACCACCACCTTATGGCGCC,0.13890023,0.575642238,0.532971989,0,0,0.126623498,0.119366592,0.026972084,0.529595795,0.568619567,0.538052756,0.380209214,0.506072662,0.535741582,0.358659662,0.490606455,0.666666667,0.5,56.713,56.68928921,0,1
GATA2,delTGT,FALSE,FALSE,GTTTCGGCGCCATAAGGTGG,CCTTATGGCGCC,GCAAATTGTCAGACGACCACCA,CGCTGCCTTGCCCTCCCAGT,23.34,GGGAGGGGGGTCGAGGTGGGCGTGGGAGTCCAGCCTGCTGACGCTGCCTTGCCCTCCCAGTCGGCCGCCAGAAGAGCCGGCACCTGTTGTGCAAATTGTCAGACG(-ACA)ACCACCACCTTATGGCGCCGAAACGCCAACGGGGACCCTGTCTGCAACGCCTGTGGCCTCTACTACAAGCTGCACAATGTGAGTGCGCCCCGCCCCGGCCACCCCGCCCCTCCCAGGGGACCTCTGCGCTTTGTGCTGCCAGGCAAGAGG,0,3,0,GGGAGGGGGGTCGAGGTGGGCGTGGGAGTCCAGCCTGCTGACGCTGCCTTGCCCTCCCAGTCGGCCGCCAGAAGAGCCGGCACCTGTTGTGCAAATTGTCAGACGACAACCACCACCTTATGGCGCCGAAACGCCAACGGGGACCCTGTCTGCAACGCCTGTGGCCTCTACTACAAGCTGCACAATGTGAGTGCGCCCCGCCCCGGCCACCCCGCCCCTCCCAGGGGACCTCTGCGCTTTGTGCTGCCAGGCAAGAGG,GGGAGGGGGGTCGAGGTGGGCGTGGGAGTCCAGCCTGCTGACGCTGCCTTGCCCTCCCAGTCGGCCGCCAGAAGAGCCGGCACCTGTTGTGCAAATTGTCAGACGACCACCACCTTATGGCGCCGAAACGCCAACGGGGACCCTGTCTGCAACGCCTGTGGCCTCTACTACAAGCTGCACAATGTGAGTGCGCCCCGCCCCGGCCACCCCGCCCCTCCCAGGGGACCTCTGCGCTTTGTGCTGCCAGGCAAGAGG,115,112,57,57,-58,7,15,12,22,GCAAATTGTCAGACGACCACCACCTTATGGCGCC,0.13890023,0.575642238,0.532971989,0,0,0.126623498,0.119366592,0.026972084,0.529595795,0.568619567,0.538052756,0.380209214,0.506072662,0.535741582,0.358659662,0.490606455,0.666666667,0.5,56.713,56.68928921,0,0
GATA2,delTGT,TRUE,TRUE,GTTTCGGCGCCATAAGGTGG,CCTTATGGCGCC,GCAAATTGTCAGACGACAACCA,GTCAGACGACCACCACCTTA,21.80666667,GGGAGGGGGGTCGAGGTGGGCGTGGGAGTCCAGCCTGCTGACGCTGCCTTGCCCTCCCAGTCGGCCGCCAGAAGAGCCGGCACCTGTTGTGCAAATTGTCAGACG(-ACA)ACCACCACCTTATGGCGCCGAAACGCCAACGGGGACCCTGTCTGCAACGCCTGTGGCCTCTACTACAAGCTGCACAATGTGAGTGCGCCCCGCCCCGGCCACCCCGCCCCTCCCAGGGGACCTCTGCGCTTTGTGCTGCCAGGCAAGAGG,0,3,0,GGGAGGGGGGTCGAGGTGGGCGTGGGAGTCCAGCCTGCTGACGCTGCCTTGCCCTCCCAGTCGGCCGCCAGAAGAGCCGGCACCTGTTGTGCAAATTGTCAGACGACAACCACCACCTTATGGCGCCGAAACGCCAACGGGGACCCTGTCTGCAACGCCTGTGGCCTCTACTACAAGCTGCACAATGTGAGTGCGCCCCGCCCCGGCCACCCCGCCCCTCCCAGGGGACCTCTGCGCTTTGTGCTGCCAGGCAAGAGG,GGGAGGGGGGTCGAGGTGGGCGTGGGAGTCCAGCCTGCTGACGCTGCCTTGCCCTCCCAGTCGGCCGCCAGAAGAGCCGGCACCTGTTGTGCAAATTGTCAGACGACCACCACCTTATGGCGCCGAAACGCCAACGGGGACCCTGTCTGCAACGCCTGTGGCCTCTACTACAAGCTGCACAATGTGAGTGCGCCCCGCCCCGGCCACCCCGCCCCTCCCAGGGGACCTCTGCGCTTTGTGCTGCCAGGCAAGAGG,115,112,-1,113,-2,7,15,12,22,GCAAATTGTCAGACGACAACCACCTTATGGCGCC,0.146388785,0.451462676,0.373422954,0,0,0.077172342,0.073065314,0.013178956,0.295426453,0.316528123,0.28259016,0.191146996,0.254423247,0.269316889,0.165811152,0.28297608,0.666666667,0.454545455,56.713,56.68928921,1,1
GATA2,delTGT,TRUE,FALSE,GTTTCGGCGCCATAAGGTGG,CCTTATGGCGCC,GCAAATTGTCAGACGACAACCA,CGCTGCCTTGCCCTCCCAGT,37.13666667,GGGAGGGGGGTCGAGGTGGGCGTGGGAGTCCAGCCTGCTGACGCTGCCTTGCCCTCCCAGTCGGCCGCCAGAAGAGCCGGCACCTGTTGTGCAAATTGTCAGACG(-ACA)ACCACCACCTTATGGCGCCGAAACGCCAACGGGGACCCTGTCTGCAACGCCTGTGGCCTCTACTACAAGCTGCACAATGTGAGTGCGCCCCGCCCCGGCCACCCCGCCCCTCCCAGGGGACCTCTGCGCTTTGTGCTGCCAGGCAAGAGG,0,3,0,GGGAGGGGGGTCGAGGTGGGCGTGGGAGTCCAGCCTGCTGACGCTGCCTTGCCCTCCCAGTCGGCCGCCAGAAGAGCCGGCACCTGTTGTGCAAATTGTCAGACGACAACCACCACCTTATGGCGCCGAAACGCCAACGGGGACCCTGTCTGCAACGCCTGTGGCCTCTACTACAAGCTGCACAATGTGAGTGCGCCCCGCCCCGGCCACCCCGCCCCTCCCAGGGGACCTCTGCGCTTTGTGCTGCCAGGCAAGAGG,GGGAGGGGGGTCGAGGTGGGCGTGGGAGTCCAGCCTGCTGACGCTGCCTTGCCCTCCCAGTCGGCCGCCAGAAGAGCCGGCACCTGTTGTGCAAATTGTCAGACGACCACCACCTTATGGCGCCGAAACGCCAACGGGGACCCTGTCTGCAACGCCTGTGGCCTCTACTACAAGCTGCACAATGTGAGTGCGCCCCGCCCCGGCCACCCCGCCCCTCCCAGGGGACCTCTGCGCTTTGTGCTGCCAGGCAAGAGG,115,112,57,57,-58,7,15,12,22,GCAAATTGTCAGACGACAACCACCTTATGGCGCC,0.146388785,0.451462676,0.373422954,0,0,0.077172342,0.073065314,0.013178956,0.295426453,0.316528123,0.28259016,0.191146996,0.254423247,0.269316889,0.165811152,0.28297608,0.666666667,0.454545455,56.713,56.68928921,1,0
GLA,del(CAGC)2CCATG,TRUE,TRUE,ATTGGCAAGGACGCCTACCA,TAGGCGTCCTTG,GGTTGCACATGAAGCGCTCCCAGTGG,CATGAAGCGCTCCCAGTGGT,8.59,ATGCAGCTGAGGAACCCAGAACTACATCTGGGCTGCGCGCTTGCGCTTCGCTTCCTGGCCCTCGTTTCCTGGGACATCCCTGGGGCTAGAGCACTGGACAATGGATTGGCAAGGACGCCTAC(-CATGGGCTGGCTG)CACTGGGAGCGCTTCATGTGCAACCTTGACTGCCAGGAAGAGCCAGATTCCTGCATCAGGTATCAGATATTGGGTACTCCCTTCCCTTTGCTTTTCCATGTGTTTGGGTGTGTTTGGGGAACTGGAGAGTCTCAACGGGAACAGTTGAGC,0,13,0,ATGCAGCTGAGGAACCCAGAACTACATCTGGGCTGCGCGCTTGCGCTTCGCTTCCTGGCCCTCGTTTCCTGGGACATCCCTGGGGCTAGAGCACTGGACAATGGATTGGCAAGGACGCCTACCATGGGCTGGCTGCACTGGGAGCGCTTCATGTGCAACCTTGACTGCCAGGAAGAGCCAGATTCCTGCATCAGGTATCAGATATTGGGTACTCCCTTCCCTTTGCTTTTCCATGTGTTTGGGTGTGTTTGGGGAACTGGAGAGTCTCAACGGGAACAGTTGAGC,ATGCAGCTGAGGAACCCAGAACTACATCTGGGCTGCGCGCTTGCGCTTCGCTTCCTGGCCCTCGTTTCCTGGGACATCCCTGGGGCTAGAGCACTGGACAATGGATTGGCAAGGACGCCTACCACTGGGAGCGCTTCATGTGCAACCTTGACTGCCAGGAAGAGCCAGATTCCTGCATCAGGTATCAGATATTGGGTACTCCCTTCCCTTTGCTTTTCCATGTGTTTGGGTGTGTTTGGGGAACTGGAGAGTCTCAACGGGAACAGTTGAGC,120,120,-1,123,3,2,24,12,26,GGTTGCACATGAAGCGCTCCCAGTGGTAGGCGTCCTTG,0.037159058,0.149286138,0.072699074,0.099756359,0.127025341,0.163627417,0.062441493,0.064593424,0.0205247,0.045303801,0.054016897,0.053813852,0.106591031,0.132168884,0.151930354,0.060383708,0.583333333,0.615384615,39.86,61.36032343,1,1
GLA,del(CAGC)2CCATG,TRUE,FALSE,ATTGGCAAGGACGCCTACCA,TAGGCGTCCTTG,GGTTGCACATGAAGCGCTCCCAGTGG,CAATATCTGATACCTGATGC,14.68333333,ATGCAGCTGAGGAACCCAGAACTACATCTGGGCTGCGCGCTTGCGCTTCGCTTCCTGGCCCTCGTTTCCTGGGACATCCCTGGGGCTAGAGCACTGGACAATGGATTGGCAAGGACGCCTAC(-CATGGGCTGGCTG)CACTGGGAGCGCTTCATGTGCAACCTTGACTGCCAGGAAGAGCCAGATTCCTGCATCAGGTATCAGATATTGGGTACTCCCTTCCCTTTGCTTTTCCATGTGTTTGGGTGTGTTTGGGGAACTGGAGAGTCTCAACGGGAACAGTTGAGC,0,13,0,ATGCAGCTGAGGAACCCAGAACTACATCTGGGCTGCGCGCTTGCGCTTCGCTTCCTGGCCCTCGTTTCCTGGGACATCCCTGGGGCTAGAGCACTGGACAATGGATTGGCAAGGACGCCTACCATGGGCTGGCTGCACTGGGAGCGCTTCATGTGCAACCTTGACTGCCAGGAAGAGCCAGATTCCTGCATCAGGTATCAGATATTGGGTACTCCCTTCCCTTTGCTTTTCCATGTGTTTGGGTGTGTTTGGGGAACTGGAGAGTCTCAACGGGAACAGTTGAGC,ATGCAGCTGAGGAACCCAGAACTACATCTGGGCTGCGCGCTTGCGCTTCGCTTCCTGGCCCTCGTTTCCTGGGACATCCCTGGGGCTAGAGCACTGGACAATGGATTGGCAAGGACGCCTACCACTGGGAGCGCTTCATGTGCAACCTTGACTGCCAGGAAGAGCCAGATTCCTGCATCAGGTATCAGATATTGGGTACTCCCTTCCCTTTGCTTTTCCATGTGTTTGGGTGTGTTTGGGGAACTGGAGAGTCTCAACGGGAACAGTTGAGC,120,120,190,177,57,2,24,12,26,GGTTGCACATGAAGCGCTCCCAGTGGTAGGCGTCCTTG,0.037159058,0.149286138,0.072699074,0.099756359,0.127025341,0.163627417,0.062441493,0.064593424,0.0205247,0.045303801,0.054016897,0.053813852,0.106591031,0.132168884,0.151930354,0.060383708,0.583333333,0.615384615,39.86,61.36032343,1,0
HMBS,dup,FALSE,TRUE,CCCTACCAGGTGCCTCAGGA,TGAGGCACCTGG,TGCTGCACGATCCCGAGACTTTCGCTGCATCGCTGAAAGGGCCTTCC,ACTttcgctgcATCGCTGAA,0,TGGGGAGCAAGTAGATAGAGGTGGTCCCATGCTTTGCGCCATTGGTTGGGGAAAGATCAGGCCTGATGTCCTAGGATGTTTTTCCATCAGGGGGCCTTGGGCGTGGAAGTGCGAGCCAAGGACCAGGACATCTTGGATCTGGTGGGTGTGCTGCACGATCCCGAGACT(+TTCGCTGC)ATCGCTGAAAGGGCCTTCCTGAGGCACCTGGTAGGGCCTGTGCTCCACCTGTGGAGGGCTGGGGACTTGGAGAGCTGGGAAAGGTGGCAGGGAAGATTTCTTACATGAATGCTCTGTATACAGTGCTAACTCATTCTTGTTGAATGTTGT,0,0,8,TGGGGAGCAAGTAGATAGAGGTGGTCCCATGCTTTGCGCCATTGGTTGGGGAAAGATCAGGCCTGATGTCCTAGGATGTTTTTCCATCAGGGGGCCTTGGGCGTGGAAGTGCGAGCCAAGGACCAGGACATCTTGGATCTGGTGGGTGTGCTGCACGATCCCGAGACTATCGCTGAAAGGGCCTTCCTGAGGCACCTGGTAGGGCCTGTGCTCCACCTGTGGAGGGCTGGGGACTTGGAGAGCTGGGAAAGGTGGCAGGGAAGATTTCTTACATGAATGCTCTGTATACAGTGCTAACTCATTCTTGTTGAATGTTGT,TGGGGAGCAAGTAGATAGAGGTGGTCCCATGCTTTGCGCCATTGGTTGGGGAAAGATCAGGCCTGATGTCCTAGGATGTTTTTCCATCAGGGGGCCTTGGGCGTGGAAGTGCGAGCCAAGGACCAGGACATCTTGGATCTGGTGGGTGTGCTGCACGATCCCGAGACTTTCGCTGCATCGCTGAAAGGGCCTTCCTGAGGCACCTGGTAGGGCCTGTGCTCCACCTGTGGAGGGCTGGGGACTTGGAGAGCTGGGAAAGGTGGCAGGGAAGATTTCTTACATGAATGCTCTGTATACAGTGCTAACTCATTCTTGTTGAATGTTGT,187,195,-1,181,-6,19,20,12,47,TGCTGCACGATCCCGAGACTTTCGCTGCATCGCTGAAAGGGCCTTCCTGAGGCACCTGG,0.967505902,0.918884422,0.95110754,0.847839982,0,0.026606132,0.025781578,0.111836857,0.273186451,0.294747138,0.310272479,0,0.023753141,0.43193586,0.477952239,0.032157647,0.666666667,0.595744681,47.305,63.47310245,0,1
IDS,G>A,TRUE,FALSE,ACTGAGGGATGTCTGAAGGC,TTCAGACATCCCT,GCCAGTATCCCTGGCC,GCATTTTCGATTCCGTGACT,31.36,GGACTGCAGGTTCCACCTCGCTGCCCCGTTCCTTCATTTCACGTTGAGCTGTGCAGAGAAGGCAAGAACCTTCTGAAGCATTTTCGATTCCGTGACTTGGAAGAGGATCCGTACCTCCCTGGTAATCCCCGTGAACTGATTGCCTATAGCCAGTATCCC(C/T)GGCCTTCAGACATCCCTCAGTGGAATTCTGACAAGCCGAGTTTAAAAGATATAAAGATCATGGGCTATTCCATACGCACCATAGACTATAGGTATACTGTGTGGGTTGGCTTCAATCCTGATGAATTTCTAGCTAACTTTTCTGACATCC,1,0,0,GGACTGCAGGTTCCACCTCGCTGCCCCGTTCCTTCATTTCACGTTGAGCTGTGCAGAGAAGGCAAGAACCTTCTGAAGCATTTTCGATTCCGTGACTTGGAAGAGGATCCGTACCTCCCTGGTAATCCCCGTGAACTGATTGCCTATAGCCAGTATCCCCGGCCTTCAGACATCCCTCAGTGGAATTCTGACAAGCCGAGTTTAAAAGATATAAAGATCATGGGCTATTCCATACGCACCATAGACTATAGGTATACTGTGTGGGTTGGCTTCAATCCTGATGAATTTCTAGCTAACTTTTCTGACATCC,GGACTGCAGGTTCCACCTCGCTGCCCCGTTCCTTCATTTCACGTTGAGCTGTGCAGAGAAGGCAAGAACCTTCTGAAGCATTTTCGATTCCGTGACTTGGAAGAGGATCCGTACCTCCCTGGTAATCCCCGTGAACTGATTGCCTATAGCCAGTATCCCTGGCCTTCAGACATCCCTCAGTGGAATTCTGACAAGCCGAGTTTAAAAGATATAAAGATCATGGGCTATTCCATACGCACCATAGACTATAGGTATACTGTGTGGGTTGGCTTCAATCCTGATGAATTTCTAGCTAACTTTTCTGACATCC,164,164,93,93,-71,4,12,13,16,GCCAGTATCCCTGGCCTTCAGACATCCCT,0.106514539,0.117109024,0.09703177,0.089178973,0.044646038,0.071735308,0.052059586,0,0.046131824,0,0.390812727,0.418581774,0.444162983,0.505828753,0.584642105,0.694598271,0.461538462,0.6875,60.501,52.15141773,1,0
IDUA,G>A,TRUE,TRUE,CCGCAGATGAGGAGCAGCTC,CTGCTCCTCATC,ACACTTCGGCCTAGAG,tAGAGCTGCTCCTCATCTGC,31.18666667,CGCGCTTCCCGGGGTCGGCCTCCGCGTGGCGGGGCCTGGGGACTCCTTCACCAAGGGGAGGGGGAGCGAGTGGTGGGAGGCCCGGCCCTGGGTCGGGGGGCGGCTGGGCAACGACCCCACGCGGCGACGGCCCCCCCCCGCCCCGCAGATGAGGAGCAGCTCT(G/A)GGCCGAAGTGTCGCAGGCCGGGACCGTCCTGGACAGCAACCACACGGTGGGCGTCCTGGCCAGCGCCCACCGCCCCCAGGGCCCGGCCGACGCCTGGCGCGCCGCGGTGCTGATCTACGCGAGCGACGACACCCGCGCCCACCCCAACCG,1,0,0,CGCGCTTCCCGGGGTCGGCCTCCGCGTGGCGGGGCCTGGGGACTCCTTCACCAAGGGGAGGGGGAGCGAGTGGTGGGAGGCCCGGCCCTGGGTCGGGGGGCGGCTGGGCAACGACCCCACGCGGCGACGGCCCCCCCCCGCCCCGCAGATGAGGAGCAGCTCTGGGCCGAAGTGTCGCAGGCCGGGACCGTCCTGGACAGCAACCACACGGTGGGCGTCCTGGCCAGCGCCCACCGCCCCCAGGGCCCGGCCGACGCCTGGCGCGCCGCGGTGCTGATCTACGCGAGCGACGACACCCGCGCCCACCCCAACCG,CGCGCTTCCCGGGGTCGGCCTCCGCGTGGCGGGGCCTGGGGACTCCTTCACCAAGGGGAGGGGGAGCGAGTGGTGGGAGGCCCGGCCCTGGGTCGGGGGGCGGCTGGGCAACGACCCCACGCGGCGACGGCCCCCCCCCGCCCCGCAGATGAGGAGCAGCTCTAGGCCGAAGTGTCGCAGGCCGGGACCGTCCTGGACAGCAACCACACGGTGGGCGTCCTGGCCAGCGCCCACCGCCCCCAGGGCCCGGCCGACGCCTGGCGCGCCGCGGTGCTGATCTACGCGAGCGACGACACCCGCGCCCACCCCAACCG,158,158,-1,147,-11,4,12,12,16,ACACTTCGGCCTAGAGCTGCTCCTCATC,0.047168566,0.931959713,0.963970123,0.994996236,0.967586048,0.822677068,0.578883153,0.63347891,0.663078687,0.104950683,0.724322506,0.766268074,0.760892983,0.758914014,0.066838666,0.114181085,0.583333333,0.5625,56.739,55.55521548,1,1
IDUA,G>A,TRUE,FALSE,CCGCAGATGAGGAGCAGCTC,CTGCTCCTCATC,ACACTTCGGCCTAGAG,GGCCGGGCCCTGGGGGCGGT,21.93,CGCGCTTCCCGGGGTCGGCCTCCGCGTGGCGGGGCCTGGGGACTCCTTCACCAAGGGGAGGGGGAGCGAGTGGTGGGAGGCCCGGCCCTGGGTCGGGGGGCGGCTGGGCAACGACCCCACGCGGCGACGGCCCCCCCCCGCCCCGCAGATGAGGAGCAGCTCT(G/A)GGCCGAAGTGTCGCAGGCCGGGACCGTCCTGGACAGCAACCACACGGTGGGCGTCCTGGCCAGCGCCCACCGCCCCCAGGGCCCGGCCGACGCCTGGCGCGCCGCGGTGCTGATCTACGCGAGCGACGACACCCGCGCCCACCCCAACCG,1,0,0,CGCGCTTCCCGGGGTCGGCCTCCGCGTGGCGGGGCCTGGGGACTCCTTCACCAAGGGGAGGGGGAGCGAGTGGTGGGAGGCCCGGCCCTGGGTCGGGGGGCGGCTGGGCAACGACCCCACGCGGCGACGGCCCCCCCCCGCCCCGCAGATGAGGAGCAGCTCTGGGCCGAAGTGTCGCAGGCCGGGACCGTCCTGGACAGCAACCACACGGTGGGCGTCCTGGCCAGCGCCCACCGCCCCCAGGGCCCGGCCGACGCCTGGCGCGCCGCGGTGCTGATCTACGCGAGCGACGACACCCGCGCCCACCCCAACCG,CGCGCTTCCCGGGGTCGGCCTCCGCGTGGCGGGGCCTGGGGACTCCTTCACCAAGGGGAGGGGGAGCGAGTGGTGGGAGGCCCGGCCCTGGGTCGGGGGGCGGCTGGGCAACGACCCCACGCGGCGACGGCCCCCCCCCGCCCCGCAGATGAGGAGCAGCTCTAGGCCGAAGTGTCGCAGGCCGGGACCGTCCTGGACAGCAACCACACGGTGGGCGTCCTGGCCAGCGCCCACCGCCCCCAGGGCCCGGCCGACGCCTGGCGCGCCGCGGTGCTGATCTACGCGAGCGACGACACCCGCGCCCACCCCAACCG,158,158,235,235,77,4,12,12,16,ACACTTCGGCCTAGAGCTGCTCCTCATC,0.047168566,0.931959713,0.963970123,0.994996236,0.967586048,0.822677068,0.578883153,0.63347891,0.663078687,0.104950683,0.724322506,0.766268074,0.760892983,0.758914014,0.066838666,0.114181085,0.583333333,0.5625,56.739,55.55521548,1,0
LDLR,T>A,FALSE,TRUE,CGCGGCGGGGACTGCAGGTA,CTGCAGTCCC,AGCAAGCCTTTC,CTTTCCTGCAGTCCCCGCCG,3.493333333,CCGAGTGCAATCGCGGGAAGCCAGGGTTTCCAGCTAGGACACAGCAGGTCGTGATCCGGGTCGGGACACTGCCTGGCAGAGGCTGCGAGCATGGGGCCCTGGGGCTGGAAATTGCGCTGGACCGTCGCCTTGCTCCTCGCCGCGGCGGGGACTGCAGG(T/A)AAGGCTTGCTCCAGGCGCCAGAATAGGTTGAGAGGGAGCCCCCGGGGGGCCCTTGGGAATTTATTTTTTTGGGTACAAATAATCACTCCATCCCTGGGAGACTTGTGGGGTAATGGCACGGGGTCCTTCCCAAACGGCTGGAGGGGGCGC,1,0,0,CCGAGTGCAATCGCGGGAAGCCAGGGTTTCCAGCTAGGACACAGCAGGTCGTGATCCGGGTCGGGACACTGCCTGGCAGAGGCTGCGAGCATGGGGCCCTGGGGCTGGAAATTGCGCTGGACCGTCGCCTTGCTCCTCGCCGCGGCGGGGACTGCAGGTAAGGCTTGCTCCAGGCGCCAGAATAGGTTGAGAGGGAGCCCCCGGGGGGCCCTTGGGAATTTATTTTTTTGGGTACAAATAATCACTCCATCCCTGGGAGACTTGTGGGGTAATGGCACGGGGTCCTTCCCAAACGGCTGGAGGGGGCGC,CCGAGTGCAATCGCGGGAAGCCAGGGTTTCCAGCTAGGACACAGCAGGTCGTGATCCGGGTCGGGACACTGCCTGGCAGAGGCTGCGAGCATGGGGCCCTGGGGCTGGAAATTGCGCTGGACCGTCGCCTTGCTCCTCGCCGCGGCGGGGACTGCAGGAAAGGCTTGCTCCAGGCGCCAGAATAGGTTGAGAGGGAGCCCCCGGGGGGCCCTTGGGAATTTATTTTTTTGGGTACAAATAATCACTCCATCCCTGGGAGACTTGTGGGGTAATGGCACGGGGTCCTTCCCAAACGGCTGGAGGGGGCGC,156,-1,-1,145,-11,2,10,10,12,AGCAAGCCTTTCCTGCAGTCCC,0,0.453901265,0.528956741,0,0.714751407,0.793243559,0.842899023,0.898775317,0.915171031,0.718030741,0.011293626,0,0,0.01977626,0.158370638,0.488787534,0.7,0.5,22.491,48.19377959,0,1
LDLR,T>A,FALSE,FALSE,CGCGGCGGGGACTGCAGGTA,CTGCAGTCCC,AGCAAGCCTTTC,CCATGCTCGCAGCCTCTGCC,5.75,CCGAGTGCAATCGCGGGAAGCCAGGGTTTCCAGCTAGGACACAGCAGGTCGTGATCCGGGTCGGGACACTGCCTGGCAGAGGCTGCGAGCATGGGGCCCTGGGGCTGGAAATTGCGCTGGACCGTCGCCTTGCTCCTCGCCGCGGCGGGGACTGCAGG(T/A)AAGGCTTGCTCCAGGCGCCAGAATAGGTTGAGAGGGAGCCCCCGGGGGGCCCTTGGGAATTTATTTTTTTGGGTACAAATAATCACTCCATCCCTGGGAGACTTGTGGGGTAATGGCACGGGGTCCTTCCCAAACGGCTGGAGGGGGCGC,1,0,0,CCGAGTGCAATCGCGGGAAGCCAGGGTTTCCAGCTAGGACACAGCAGGTCGTGATCCGGGTCGGGACACTGCCTGGCAGAGGCTGCGAGCATGGGGCCCTGGGGCTGGAAATTGCGCTGGACCGTCGCCTTGCTCCTCGCCGCGGCGGGGACTGCAGGTAAGGCTTGCTCCAGGCGCCAGAATAGGTTGAGAGGGAGCCCCCGGGGGGCCCTTGGGAATTTATTTTTTTGGGTACAAATAATCACTCCATCCCTGGGAGACTTGTGGGGTAATGGCACGGGGTCCTTCCCAAACGGCTGGAGGGGGCGC,CCGAGTGCAATCGCGGGAAGCCAGGGTTTCCAGCTAGGACACAGCAGGTCGTGATCCGGGTCGGGACACTGCCTGGCAGAGGCTGCGAGCATGGGGCCCTGGGGCTGGAAATTGCGCTGGACCGTCGCCTTGCTCCTCGCCGCGGCGGGGACTGCAGGAAAGGCTTGCTCCAGGCGCCAGAATAGGTTGAGAGGGAGCCCCCGGGGGGCCCTTGGGAATTTATTTTTTTGGGTACAAATAATCACTCCATCCCTGGGAGACTTGTGGGGTAATGGCACGGGGTCCTTCCCAAACGGCTGGAGGGGGCGC,156,-1,77,77,-79,2,10,10,12,AGCAAGCCTTTCCTGCAGTCCC,0,0.453901265,0.528956741,0,0.714751407,0.793243559,0.842899023,0.898775317,0.915171031,0.718030741,0.011293626,0,0,0.01977626,0.158370638,0.488787534,0.7,0.5,22.491,48.19377959,0,0
MC4R,delCTCT,FALSE,FALSE,GCCTGGCCATCAGGAACATG,GTTCCTGATGGC,GCTCTCATGGCTTCTATGTCCACAT,CCGCCAAGGTGCCAATATGA,2.5,TACCATAACATTATGACAGTTAAGCGGGTTGGGATCATCATAAGTTGTATCTGGGCAGCTTGCACGGTTTCAGGCATTTTGTTCATCATTTACTCAGATAGTAGTGCTGTCATCATCTGCCTCATCACCATGTTCTTCACCATGCTGGCTCTCATGGCTTCT(-CTCT)ATGTCCACATGTTCCTGATGGCCAGGCTTCACATTAAGAGGATTGCTGTCCTCCCCGGCACTGGTGCCATCCGCCAAGGTGCCAATATGAAGGGAGCGATTACCTTGACCATCCTGATTGGCGTCTTTGTTGTCTGCTGGGCCCCATTCT,0,4,0,TACCATAACATTATGACAGTTAAGCGGGTTGGGATCATCATAAGTTGTATCTGGGCAGCTTGCACGGTTTCAGGCATTTTGTTCATCATTTACTCAGATAGTAGTGCTGTCATCATCTGCCTCATCACCATGTTCTTCACCATGCTGGCTCTCATGGCTTCTCTCTATGTCCACATGTTCCTGATGGCCAGGCTTCACATTAAGAGGATTGCTGTCCTCCCCGGCACTGGTGCCATCCGCCAAGGTGCCAATATGAAGGGAGCGATTACCTTGACCATCCTGATTGGCGTCTTTGTTGTCTGCTGGGCCCCATTCT,TACCATAACATTATGACAGTTAAGCGGGTTGGGATCATCATAAGTTGTATCTGGGCAGCTTGCACGGTTTCAGGCATTTTGTTCATCATTTACTCAGATAGTAGTGCTGTCATCATCTGCCTCATCACCATGTTCTTCACCATGCTGGCTCTCATGGCTTCTATGTCCACATGTTCCTGATGGCCAGGCTTCACATTAAGAGGATTGCTGTCCTCCCCGGCACTGGTGCCATCCGCCAAGGTGCCAATATGAAGGGAGCGATTACCTTGACCATCCTGATTGGCGTCTTTGTTGTCTGCTGGGCCCCATTCT,176,172,252,248,72,10,15,12,25,GCTCTCATGGCTTCTATGTCCACATGTTCCTGATGGC,0.390939484,0.430267301,0.398475454,0.053607387,0.167233768,0.175847361,0.147271714,0.228841809,0.290257701,0.326837627,0.364602253,0.391889522,0.341432357,0.222138321,0.250877861,0.272063399,0.583333333,0.48,55.727,60.90521514,0,0
MYBPC3,25bp_del,TRUE,FALSE,AAATAAGGTAAAGAGAGGGA,CTCTCTTTACCTTAT,AACACAGATGTGTCTCCCTGGGTCCCTGCCAGGTCCC,GCATAGTCAGGGACTCTCGT,7.383333333,CATAGATGCCCCCGTCAAAGGGGCAGGGCTTTCTAATCTCCAGAGTCAACACTCCCTGCTTGCTGAACATGCGGAAGCGGGCGTCTTCTCCCAGGTCCAGGCCATTCTTGAACCAGGAAATCTTGGGCTATAAATAAGGTAAAGAGAGGG(-AGGGAAGCCATCCAGGCTGAGAGGG)GACCTGGCAGGGACCCAGGGAGACACATCTGTGTTTCTACTCGGGGGGTCCCACGAGAGTCCCTGACTATGCCCAAGGCTGGAAACAAACATGGAACCAAGAGTGAGTACCATGGCCCTGCCCAGGGGGAGGAACCCGGTCCATACACCC,0,25,0,CATAGATGCCCCCGTCAAAGGGGCAGGGCTTTCTAATCTCCAGAGTCAACACTCCCTGCTTGCTGAACATGCGGAAGCGGGCGTCTTCTCCCAGGTCCAGGCCATTCTTGAACCAGGAAATCTTGGGCTATAAATAAGGTAAAGAGAGGGAGGGAAGCCATCCAGGCTGAGAGGGGACCTGGCAGGGACCCAGGGAGACACATCTGTGTTTCTACTCGGGGGGTCCCACGAGAGTCCCTGACTATGCCCAAGGCTGGAAACAAACATGGAACCAAGAGTGAGTACCATGGCCCTGCCCAGGGGGAGGAACCCGGTCCATACACCC,CATAGATGCCCCCGTCAAAGGGGCAGGGCTTTCTAATCTCCAGAGTCAACACTCCCTGCTTGCTGAACATGCGGAAGCGGGCGTCTTCTCCCAGGTCCAGGCCATTCTTGAACCAGGAAATCTTGGGCTATAAATAAGGTAAAGAGAGGGGACCTGGCAGGGACCCAGGGAGACACATCTGTGTTTCTACTCGGGGGGTCCCACGAGAGTCCCTGACTATGCCCAAGGCTGGAAACAAACATGGAACCAAGAGTGAGTACCATGGCCCTGCCCAGGGGGAGGAACCCGGTCCATACACCC,147,-1,230,205,58,3,34,15,37,AACACAGATGTGTCTCCCTGGGTCCCTGCCAGGTCCCCTCTCTTTACCTTAT,0.037999377,0.114196836,0.147551591,0.155555211,0.188487367,0,0.350425529,0.379772845,0.411527307,0,0,0.55936225,0.632134414,0.725974433,0.714295385,0.054909971,0.333333333,0.621621622,44.317,53.08617055,1,0
PAH,delATG,FALSE,TRUE,GTATGAATTTTTCACCCATT,GGGTGAAAAATTCATA,GCCTCAAGATCTTGATGTTTGTCAGAGCAGGCAGGCTACGTTTATCCAAAT,ATCTTGATGTTTGTCAGAGC,0.01,ATCTTTGGCCTGCGTTAGTTCCAGTGACTGTCTCCTCACCCTCCCCATTCTCTCTTCTAGGAGAATGATGTAAACCTGACCCACATTGAATCTAGACCTTCTCGTTTAAAGAAAGATGAGTATGAATTTTTCACCCATTTGGATAAACGTAGCCTGCCTGCTCTGACAAA(-CAT)CATCAAGATCTTGAGGCATGACATTGGTGCCACTGTCCATGAGCTTTCACGAGATAAGAAGAAAGACACAGGTAAGAATTAGAGGAATTTTGCAACATAAGTAACTCCACACTGTCTTCATAAAATAACAGCAATATACATATTTAACAG,0,3,0,ATCTTTGGCCTGCGTTAGTTCCAGTGACTGTCTCCTCACCCTCCCCATTCTCTCTTCTAGGAGAATGATGTAAACCTGACCCACATTGAATCTAGACCTTCTCGTTTAAAGAAAGATGAGTATGAATTTTTCACCCATTTGGATAAACGTAGCCTGCCTGCTCTGACAAACATCATCAAGATCTTGAGGCATGACATTGGTGCCACTGTCCATGAGCTTTCACGAGATAAGAAGAAAGACACAGGTAAGAATTAGAGGAATTTTGCAACATAAGTAACTCCACACTGTCTTCATAAAATAACAGCAATATACATATTTAACAG,ATCTTTGGCCTGCGTTAGTTCCAGTGACTGTCTCCTCACCCTCCCCATTCTCTCTTCTAGGAGAATGATGTAAACCTGACCCACATTGAATCTAGACCTTCTCGTTTAAAGAAAGATGAGTATGAATTTTTCACCCATTTGGATAAACGTAGCCTGCCTGCTCTGACAAACATCAAGATCTTGAGGCATGACATTGGTGCCACTGTCCATGAGCTTTCACGAGATAAGAAGAAAGACACAGGTAAGAATTAGAGGAATTTTGCAACATAAGTAACTCCACACTGTCTTCATAAAATAACAGCAATATACATATTTAACAG,135,135,-1,162,27,34,17,16,51,GCCTCAAGATCTTGATGTTTGTCAGAGCAGGCAGGCTACGTTTATCCAAATGGGTGAAAAATTCATA,0.199696347,0.219705749,0.294769789,0.36862277,0.489972053,0.513888138,0.539746539,0.565982422,0,0.051512407,0.029552253,0.380703623,0.439198321,0.476716019,0.497540205,0.477491593,0.3125,0.450980392,1.961,56.95873499,0,1
PKD1,indel,FALSE,FALSE,GCCCAGAGCTGGGGCCCCCA,GGGCCCCA,GCCCTGCCAGCTCACCTTCCTGCAGCCGTGG,AGCTCACCTTCCTGCAGCCG,7.046666667,CTCACTCGAGGCGGGCATGGGGCAGTAGGGGCTGGAGCGTGTGACTGATGCTGTGGCAGGTCTGAGGAGCTCTGGCCATGGATGGCCCACGTGCTGCTGCCCTACGTCCACGGGAACCAGTCCAGCCCAGAGCTGGGGCCCCCA(-CGGCTGCGGCAGGTG)CGGCTGCAGGAAGGTGAGCTGGCAGGGCGTGCCCCAAGACTTAAATCGTTCCTCTTGTTGAGAGAGCAGCCTTTAGCGGAGCTCTGGCATCAGCCCTGCTCCCTAGCTGTGTGACCTTTGCCCTCTTAACACCGCCGTTTCCTTCTCTGT,0,15,0,CTCACTCGAGGCGGGCATGGGGCAGTAGGGGCTGGAGCGTGTGACTGATGCTGTGGCAGGTCTGAGGAGCTCTGGCCATGGATGGCCCACGTGCTGCTGCCCTACGTCCACGGGAACCAGTCCAGCCCAGAGCTGGGGCCCCCACGGCTGCGGCAGGTGCGGCTGCAGGAAGGTGAGCTGGCAGGGCGTGCCCCAAGACTTAAATCGTTCCTCTTGTTGAGAGAGCAGCCTTTAGCGGAGCTCTGGCATCAGCCCTGCTCCCTAGCTGTGTGACCTTTGCCCTCTTAACACCGCCGTTTCCTTCTCTGT,CTCACTCGAGGCGGGCATGGGGCAGTAGGGGCTGGAGCGTGTGACTGATGCTGTGGCAGGTCTGAGGAGCTCTGGCCATGGATGGCCCACGTGCTGCTGCCCTACGTCCACGGGAACCAGTCCAGCCCAGAGCTGGGGCCCCCACGGCTGCAGGAAGGTGAGCTGGCAGGGCGTGCCCCAAGACTTAAATCGTTCCTCTTGTTGAGAGAGCAGCCTTTAGCGGAGCTCTGGCATCAGCCCTGCTCCCTAGCTGTGTGACCTTTGCCCTCTTAACACCGCCGTTTCCTTCTCTGT,140,140,162,147,7,3,28,8,31,GCCCTGCCAGCTCACCTTCCTGCAGCCGTGGGGGCCCCA,0.110307343,0.117566881,0.1208721,0.119414189,0.124712586,0.25242132,0.282492447,0.309749986,0.070524622,0.105632676,0.125528351,0.136538913,0.045885296,0.047730638,0.213828211,0.253732233,0.875,0.709677419,33.598,64.66240287,0,0
PKD1,indel,TRUE,FALSE,GCCCAGAGCTGGGGCCCCCA,GGGCCCCA,GCCCTGCCAGCTCACCTTCCTGCAGTCTTGG,AGCTCACCTTCCTGCAGCCG,6.146666667,CTCACTCGAGGCGGGCATGGGGCAGTAGGGGCTGGAGCGTGTGACTGATGCTGTGGCAGGTCTGAGGAGCTCTGGCCATGGATGGCCCACGTGCTGCTGCCCTACGTCCACGGGAACCAGTCCAGCCCAGAGCTGGGGCCCCCA(-CGGCTGCGGCAGGTG)CGGCTGCAGGAAGGTGAGCTGGCAGGGCGTGCCCCAAGACTTAAATCGTTCCTCTTGTTGAGAGAGCAGCCTTTAGCGGAGCTCTGGCATCAGCCCTGCTCCCTAGCTGTGTGACCTTTGCCCTCTTAACACCGCCGTTTCCTTCTCTGT,0,15,0,CTCACTCGAGGCGGGCATGGGGCAGTAGGGGCTGGAGCGTGTGACTGATGCTGTGGCAGGTCTGAGGAGCTCTGGCCATGGATGGCCCACGTGCTGCTGCCCTACGTCCACGGGAACCAGTCCAGCCCAGAGCTGGGGCCCCCACGGCTGCGGCAGGTGCGGCTGCAGGAAGGTGAGCTGGCAGGGCGTGCCCCAAGACTTAAATCGTTCCTCTTGTTGAGAGAGCAGCCTTTAGCGGAGCTCTGGCATCAGCCCTGCTCCCTAGCTGTGTGACCTTTGCCCTCTTAACACCGCCGTTTCCTTCTCTGT,CTCACTCGAGGCGGGCATGGGGCAGTAGGGGCTGGAGCGTGTGACTGATGCTGTGGCAGGTCTGAGGAGCTCTGGCCATGGATGGCCCACGTGCTGCTGCCCTACGTCCACGGGAACCAGTCCAGCCCAGAGCTGGGGCCCCCACGGCTGCAGGAAGGTGAGCTGGCAGGGCGTGCCCCAAGACTTAAATCGTTCCTCTTGTTGAGAGAGCAGCCTTTAGCGGAGCTCTGGCATCAGCCCTGCTCCCTAGCTGTGTGACCTTTGCCCTCTTAACACCGCCGTTTCCTTCTCTGT,140,140,162,147,7,3,28,8,31,GCCCTGCCAGCTCACCTTCCTGCAGTCTTGGGGGCCCCA,0.125977699,0.134463777,0.136452156,0.111019543,0.115946776,0.235151697,0.263186506,0.289897334,0.070556293,0.105510553,0.125383273,0.136385412,0.015055082,0.015659871,0.213634772,0.25350153,0.875,0.64516129,33.598,64.66240287,1,0
PSEN1,C>T,TRUE,FALSE,AAAGAGCATGATCACATGCT,ATGTGATCATGCTCT,AAATATGGCGTCAAGC,TTATCTAATGGACGACCCCA,35.30333333,AATGACAATAGAGAACGGCAGGAGCACAACGACAGACGGAGCCTTGGCCACCCTGAGCCATTATCTAATGGACGACCCCAGGGTAACTCCCGGCAGGTGGTGGAGCAAGATGAGGAAGAAGATGAGGAGCTGACATTGAAATATGGCG(C/T)CAAGCATGTGATCATGCTCTTTGTCCCTGTGACTCTCTGCATGGTGGTGGTCGTGGCTACCATTAAGTCAGTCAGCTTTTATACCCGGAAGGATGGGCAGCTGTACGTATGAGTTTTGTTTTATTATTCTCAAAGCCAGTGTGGCTTTTC,1,0,0,AATGACAATAGAGAACGGCAGGAGCACAACGACAGACGGAGCCTTGGCCACCCTGAGCCATTATCTAATGGACGACCCCAGGGTAACTCCCGGCAGGTGGTGGAGCAAGATGAGGAAGAAGATGAGGAGCTGACATTGAAATATGGCGCCAAGCATGTGATCATGCTCTTTGTCCCTGTGACTCTCTGCATGGTGGTGGTCGTGGCTACCATTAAGTCAGTCAGCTTTTATACCCGGAAGGATGGGCAGCTGTACGTATGAGTTTTGTTTTATTATTCTCAAAGCCAGTGTGGCTTTTC,AATGACAATAGAGAACGGCAGGAGCACAACGACAGACGGAGCCTTGGCCACCCTGAGCCATTATCTAATGGACGACCCCAGGGTAACTCCCGGCAGGTGGTGGAGCAAGATGAGGAAGAAGATGAGGAGCTGACATTGAAATATGGCGTCAAGCATGTGATCATGCTCTTTGTCCCTGTGACTCTCTGCATGGTGGTGGTCGTGGCTACCATTAAGTCAGTCAGCTTTTATACCCGGAAGGATGGGCAGCTGTACGTATGAGTTTTGTTTTATTATTCTCAAAGCCAGTGTGGCTTTTC,154,154,76,76,-78,5,11,15,16,AAATATGGCGTCAAGCATGTGATCATGCTCT,0,0,0.031470001,0.032815205,0.414172512,0.513478646,0.55652759,0.592675506,0.620076821,0.611908236,0.064364685,0.411401703,0.070592022,0.60405635,0.723218112,0.832896108,0.4,0.4375,58.353,58.44454467,1,0
PTCH1,insTCTAC,TRUE,TRUE,AGGTGTCCCGCAAGCCGTTG,CGGCTTGCGG,GCCCAGTTCCCTTTCTACGTAGACTCAA,CCCTTTCTACgtagaCTCAA,0.496666667,TTTCATGCAAAGTTCTTCTCTCTTTCCATTGAAACTGTGATGCTCTTCTACCCTGGGCTGCTCCTAACCTGTGCCCTTCTCTGTCCAGTCCCGGCAGCAGAGCCCATCGAGTATGCCCAGTTCCCTTTCTAC(+GTAGA)CTCAACGGCTTGCGGGACACCTCAGACTTTGTGGAGGCAATTGAAAAAGTAAGGACCATCTGCAGCAACTATACGAGCCTGGGGCTGTCCAGTTACCCCAACGGCTACCCCTTCCTCTTCTGGGAGCAGTACATCGGCCTCCGCCACTGG,0,0,5,TTTCATGCAAAGTTCTTCTCTCTTTCCATTGAAACTGTGATGCTCTTCTACCCTGGGCTGCTCCTAACCTGTGCCCTTCTCTGTCCAGTCCCGGCAGCAGAGCCCATCGAGTATGCCCAGTTCCCTTTCTACCTCAACGGCTTGCGGGACACCTCAGACTTTGTGGAGGCAATTGAAAAAGTAAGGACCATCTGCAGCAACTATACGAGCCTGGGGCTGTCCAGTTACCCCAACGGCTACCCCTTCCTCTTCTGGGAGCAGTACATCGGCCTCCGCCACTGG,TTTCATGCAAAGTTCTTCTCTCTTTCCATTGAAACTGTGATGCTCTTCTACCCTGGGCTGCTCCTAACCTGTGCCCTTCTCTGTCCAGTCCCGGCAGCAGAGCCCATCGAGTATGCCCAGTTCCCTTTCTACGTAGACTCAACGGCTTGCGGGACACCTCAGACTTTGTGGAGGCAATTGAAAAAGTAAGGACCATCTGCAGCAACTATACGAGCCTGGGGCTGTCCAGTTACCCCAACGGCTACCCCTTCCTCTTCTGGGAGCAGTACATCGGCCTCCGCCACTGG,137,142,-1,138,1,5,18,10,28,GCCCAGTTCCCTTTCTACGTAGACTCAACGGCTTGCGG,0.351294821,0.378129325,0.406511575,0.0756904,0.07757138,0.186427519,0.207931844,0.186674885,0.133595895,0.036124944,0.041612638,0.05607171,0.06233827,0.066059868,0.068400644,0,0.8,0.5,36.655,55.16275167,1,1
PTCH1,insTCTAC,TRUE,FALSE,AGGTGTCCCGCAAGCCGTTG,CGGCTTGCGG,GCCCAGTTCCCTTTCTACGTAGACTCAA,CTGTGATGCTCTTCTACCCT,1.2,TTTCATGCAAAGTTCTTCTCTCTTTCCATTGAAACTGTGATGCTCTTCTACCCTGGGCTGCTCCTAACCTGTGCCCTTCTCTGTCCAGTCCCGGCAGCAGAGCCCATCGAGTATGCCCAGTTCCCTTTCTAC(+GTAGA)CTCAACGGCTTGCGGGACACCTCAGACTTTGTGGAGGCAATTGAAAAAGTAAGGACCATCTGCAGCAACTATACGAGCCTGGGGCTGTCCAGTTACCCCAACGGCTACCCCTTCCTCTTCTGGGAGCAGTACATCGGCCTCCGCCACTGG,0,0,5,TTTCATGCAAAGTTCTTCTCTCTTTCCATTGAAACTGTGATGCTCTTCTACCCTGGGCTGCTCCTAACCTGTGCCCTTCTCTGTCCAGTCCCGGCAGCAGAGCCCATCGAGTATGCCCAGTTCCCTTTCTACCTCAACGGCTTGCGGGACACCTCAGACTTTGTGGAGGCAATTGAAAAAGTAAGGACCATCTGCAGCAACTATACGAGCCTGGGGCTGTCCAGTTACCCCAACGGCTACCCCTTCCTCTTCTGGGAGCAGTACATCGGCCTCCGCCACTGG,TTTCATGCAAAGTTCTTCTCTCTTTCCATTGAAACTGTGATGCTCTTCTACCCTGGGCTGCTCCTAACCTGTGCCCTTCTCTGTCCAGTCCCGGCAGCAGAGCCCATCGAGTATGCCCAGTTCCCTTTCTACGTAGACTCAACGGCTTGCGGGACACCTCAGACTTTGTGGAGGCAATTGAAAAAGTAAGGACCATCTGCAGCAACTATACGAGCCTGGGGCTGTCCAGTTACCCCAACGGCTACCCCTTCCTCTTCTGGGAGCAGTACATCGGCCTCCGCCACTGG,137,142,50,50,-87,5,18,10,28,GCCCAGTTCCCTTTCTACGTAGACTCAACGGCTTGCGG,0.351294821,0.378129325,0.406511575,0.0756904,0.07757138,0.186427519,0.207931844,0.186674885,0.133595895,0.036124944,0.041612638,0.05607171,0.06233827,0.066059868,0.068400644,0,0.8,0.5,36.655,55.16275167,1,0
SCN5A,delG4CTTCT,TRUE,FALSE,GGCCGTGGGATGGGCTTCTG,AAGCCCATCC,GCCATGAAGAAGCTGGGCTCCAAG,GCTCCAAGAAGCCCATCCCA,0.12,TGCCCTCCATGCTGGGGCCTCTGAGAACCCCAGAATGAGGTTGGTGCCTTCTCTTTGCACTTAGGGGGCCAGGACATCTTCATGACAGAGGAGCAGAAGAAGTACTACAATGCCATGAAGAAGCTGGGCTCCA(-AGAAGCCCC)AGAAGCCCATCCCACGGCCCCTGGTGAGCCAGGCTCCTGGTTTTGTGGGAGTGGGGAGGATCTTCTGGGGTCCCTGGGAAGCTTTCGTGCCACATGGCCAGCCATCAGAGCCGCTTCACAGTCTTTCAGCCCAGCCTGAGGGGCACTATC,0,9,0,TGCCCTCCATGCTGGGGCCTCTGAGAACCCCAGAATGAGGTTGGTGCCTTCTCTTTGCACTTAGGGGGCCAGGACATCTTCATGACAGAGGAGCAGAAGAAGTACTACAATGCCATGAAGAAGCTGGGCTCCAAGAAGCCCCAGAAGCCCATCCCACGGCCCCTGGTGAGCCAGGCTCCTGGTTTTGTGGGAGTGGGGAGGATCTTCTGGGGTCCCTGGGAAGCTTTCGTGCCACATGGCCAGCCATCAGAGCCGCTTCACAGTCTTTCAGCCCAGCCTGAGGGGCACTATC,TGCCCTCCATGCTGGGGCCTCTGAGAACCCCAGAATGAGGTTGGTGCCTTCTCTTTGCACTTAGGGGGCCAGGACATCTTCATGACAGAGGAGCAGAAGAAGTACTACAATGCCATGAAGAAGCTGGGCTCCAAGAAGCCCATCCCACGGCCCCTGGTGAGCCAGGCTCCTGGTTTTGTGGGAGTGGGGAGGATCTTCTGGGGTCCCTGGGAAGCTTTCGTGCCACATGGCCAGCCATCAGAGCCGCTTCACAGTCTTTCAGCCCAGCCTGAGGGGCACTATC,144,-1,-1,143,-1,3,21,10,24,GCCATGAAGAAGCTGGGCTCCAAGAAGCCCATCC,0.099155997,0.109210074,0.137816767,0.124976712,0.131638482,0.167737441,0.166840255,0.012025273,0.099087731,0.101009618,0.206315489,0.275424763,0.418778083,0.746870328,0.41227208,0.458404662,0.6,0.583333333,9.591,59.47559774,1,0
SERPINA1,delAG,TRUE,TRUE,CCTCCTCTGTGACCCCGGAG,CGGGGTCACAGA,GCAATGGGGCTGACCTC,TCAGCAATGGGGCTGACCTC,0.413333333,GTCCCAGAAGAACAAGAGGAATGCTGTGCCATGCCTTGAATTTCTTTTCTGCACGACAGGTCTGCCAGCTTACATTTACCCAAACTGTCCATTACTGGAACCTATGATCTGAAGAGCGTCCTGGGTCAACTGGGCATCACTAAGGTCTTCAGCAATGGGGCTGACCT(-CT)CCGGGGTCACAGAGGAGGCACCCCTGAAGCTCTCCAAGGTGAGATCACCCTGACGACCTTGTTGCACCCTGGTATCTGTAGGGAAGAATGTGTGGGGGCTGCAGCTCTGTCCTGAGGCTGAGGAAGGGGCCGAGGGAAACAAATGAAGAC,0,2,0,GTCCCAGAAGAACAAGAGGAATGCTGTGCCATGCCTTGAATTTCTTTTCTGCACGACAGGTCTGCCAGCTTACATTTACCCAAACTGTCCATTACTGGAACCTATGATCTGAAGAGCGTCCTGGGTCAACTGGGCATCACTAAGGTCTTCAGCAATGGGGCTGACCTCTCCGGGGTCACAGAGGAGGCACCCCTGAAGCTCTCCAAGGTGAGATCACCCTGACGACCTTGTTGCACCCTGGTATCTGTAGGGAAGAATGTGTGGGGGCTGCAGCTCTGTCCTGAGGCTGAGGAAGGGGCCGAGGGAAACAAATGAAGAC,GTCCCAGAAGAACAAGAGGAATGCTGTGCCATGCCTTGAATTTCTTTTCTGCACGACAGGTCTGCCAGCTTACATTTACCCAAACTGTCCATTACTGGAACCTATGATCTGAAGAGCGTCCTGGGTCAACTGGGCATCACTAAGGTCTTCAGCAATGGGGCTGACCTCCGGGGTCACAGAGGAGGCACCCCTGAAGCTCTCCAAGGTGAGATCACCCTGACGACCTTGTTGCACCCTGGTATCTGTAGGGAAGAATGTGTGGGGGCTGCAGCTCTGTCCTGAGGCTGAGGAAGGGGCCGAGGGAAACAAATGAAGAC,170,168,164,164,-6,2,15,12,17,GCAATGGGGCTGACCTCCGGGGTCACAGA,0.114270658,0.249532952,0.238240283,0.298431133,0.305261235,0.277854674,0.532811637,0.607900571,0.687820114,0.778704041,0.745246728,0.563584348,0.079051193,0.663219109,0.760598772,0.7251542,0.666666667,0.647058824,29.692,61.5370214,1,1
TNNT2,delGAG,TRUE,FALSE,GAGGGCTCGACGAGAGGAGG,CCTCTCGTCGAG,AGCCTTCCTCCTGTTCTCCT,AGGATTGGAAACCCTGATTC,3.143333333,AGCACTGTGCTGGGAGCTACCCTCTCAGAAAGCTCCTTGCTGAGCGGAGAGAAAGCTGAACTCACCCATAAAGACCACAAGCTTCAGCCCAGAATCAGGGTTTCCAATCCTTTCCCCTAATTTGCTTTCTTCCTCCCTGCTGTAAATCAGGAAGAGAGGGCTCGACGAGAGGAGGAG(-GAG)AACAGGAGGAAGGCTGAGGATGAGGCCCGGAAGAAGAAGGCTTTGTCCAACATGATGCATTTTGGGGGTTACATCCAGAAGGTAGGTAGGGAGCAGCAGGGGTTGCCAGGAGATCCTAGTATAGCCCTGAGGAATGAGGTGTCCACTGCA,0,3,0,AGCACTGTGCTGGGAGCTACCCTCTCAGAAAGCTCCTTGCTGAGCGGAGAGAAAGCTGAACTCACCCATAAAGACCACAAGCTTCAGCCCAGAATCAGGGTTTCCAATCCTTTCCCCTAATTTGCTTTCTTCCTCCCTGCTGTAAATCAGGAAGAGAGGGCTCGACGAGAGGAGGAGGAGAACAGGAGGAAGGCTGAGGATGAGGCCCGGAAGAAGAAGGCTTTGTCCAACATGATGCATTTTGGGGGTTACATCCAGAAGGTAGGTAGGGAGCAGCAGGGGTTGCCAGGAGATCCTAGTATAGCCCTGAGGAATGAGGTGTCCACTGCA,AGCACTGTGCTGGGAGCTACCCTCTCAGAAAGCTCCTTGCTGAGCGGAGAGAAAGCTGAACTCACCCATAAAGACCACAAGCTTCAGCCCAGAATCAGGGTTTCCAATCCTTTCCCCTAATTTGCTTTCTTCCTCCCTGCTGTAAATCAGGAAGAGAGGGCTCGACGAGAGGAGGAGAACAGGAGGAAGGCTGAGGATGAGGCCCGGAAGAAGAAGGCTTTGTCCAACATGATGCATTTTGGGGGTTACATCCAGAAGGTAGGTAGGGAGCAGCAGGGGTTGCCAGGAGATCCTAGTATAGCCCTGAGGAATGAGGTGTCCACTGCA,171,171,94,94,-77,5,15,12,20,AGCCTTCCTCCTGTTCTCCTCCTCTCGTCGAG,0.56272331,0.668971808,0.722769489,0.781571078,0.779970689,0.607354648,0.010772358,0,0.165829414,0.174799439,0.011165932,0.015098607,0.201381711,0.206938625,0.173803373,0,0.666666667,0.55,53.919,59.31864977,1,0
TTR,delGTC,FALSE,TRUE,AGTCCCTCATTCCTTGGGAT,CCAAGGAATGAGGGA,TCCACCACGGCTGTCACCAATC,CACGGCTGTCACCAATCCCA,11.08666667,GGAAATGGATCTGTCTGTCTTCTCTCATAGGTGGTATTCACAGCCAACGACTCCGGCCCCCGCCGCTACACCATTGCCGCCCTGCTGAGCCCCTACTCCTATTCCACCACGGCTGTC(-GTC)ACCAATCCCAAGGAATGAGGGACTTCTCCTCCAGTGGACCTGAAGGACGAGGGATGGGATTTCATGTAACCAAGAGTATTCCATTTTTACTAAAGCAGTGTTTTCACCTCATATGCTATGTTAGAAGTCCAGGCAGAGACAATAAAACAT,0,3,0,GGAAATGGATCTGTCTGTCTTCTCTCATAGGTGGTATTCACAGCCAACGACTCCGGCCCCCGCCGCTACACCATTGCCGCCCTGCTGAGCCCCTACTCCTATTCCACCACGGCTGTCGTCACCAATCCCAAGGAATGAGGGACTTCTCCTCCAGTGGACCTGAAGGACGAGGGATGGGATTTCATGTAACCAAGAGTATTCCATTTTTACTAAAGCAGTGTTTTCACCTCATATGCTATGTTAGAAGTCCAGGCAGAGACAATAAAACAT,GGAAATGGATCTGTCTGTCTTCTCTCATAGGTGGTATTCACAGCCAACGACTCCGGCCCCCGCCGCTACACCATTGCCGCCCTGCTGAGCCCCTACTCCTATTCCACCACGGCTGTCACCAATCCCAAGGAATGAGGGACTTCTCCTCCAGTGGACCTGAAGGACGAGGGATGGGATTTCATGTAACCAAGAGTATTCCATTTTTACTAAAGCAGTGTTTTCACCTCATATGCTATGTTAGAAGTCCAGGCAGAGACAATAAAACAT,127,124,-1,123,-4,7,15,15,22,TCCACCACGGCTGTCACCAATCCCAAGGAATGAGGGA,0.513631215,0.063886075,0.157352695,0.167275516,0.172715519,0.176905769,0.460863164,0.5667735,0.606579583,0.648530452,0.742667756,0.787192255,0.661926767,0.749443773,0.833016447,0.331838445,0.533333333,0.590909091,43.136,46.98290527,0,1
TTR,delGTC,FALSE,FALSE,AGTCCCTCATTCCTTGGGAT,CCAAGGAATGAGGGA,TCCACCACGGCTGTCACCAATC,GTATTCACAGCCAACGACTC,17.04333333,GGAAATGGATCTGTCTGTCTTCTCTCATAGGTGGTATTCACAGCCAACGACTCCGGCCCCCGCCGCTACACCATTGCCGCCCTGCTGAGCCCCTACTCCTATTCCACCACGGCTGTC(-GTC)ACCAATCCCAAGGAATGAGGGACTTCTCCTCCAGTGGACCTGAAGGACGAGGGATGGGATTTCATGTAACCAAGAGTATTCCATTTTTACTAAAGCAGTGTTTTCACCTCATATGCTATGTTAGAAGTCCAGGCAGAGACAATAAAACAT,0,3,0,GGAAATGGATCTGTCTGTCTTCTCTCATAGGTGGTATTCACAGCCAACGACTCCGGCCCCCGCCGCTACACCATTGCCGCCCTGCTGAGCCCCTACTCCTATTCCACCACGGCTGTCGTCACCAATCCCAAGGAATGAGGGACTTCTCCTCCAGTGGACCTGAAGGACGAGGGATGGGATTTCATGTAACCAAGAGTATTCCATTTTTACTAAAGCAGTGTTTTCACCTCATATGCTATGTTAGAAGTCCAGGCAGAGACAATAAAACAT,GGAAATGGATCTGTCTGTCTTCTCTCATAGGTGGTATTCACAGCCAACGACTCCGGCCCCCGCCGCTACACCATTGCCGCCCTGCTGAGCCCCTACTCCTATTCCACCACGGCTGTCACCAATCCCAAGGAATGAGGGACTTCTCCTCCAGTGGACCTGAAGGACGAGGGATGGGATTTCATGTAACCAAGAGTATTCCATTTTTACTAAAGCAGTGTTTTCACCTCATATGCTATGTTAGAAGTCCAGGCAGAGACAATAAAACAT,127,124,49,49,-78,7,15,15,22,TCCACCACGGCTGTCACCAATCCCAAGGAATGAGGGA,0.513631215,0.063886075,0.157352695,0.167275516,0.172715519,0.176905769,0.460863164,0.5667735,0.606579583,0.648530452,0.742667756,0.787192255,0.661926767,0.749443773,0.833016447,0.331838445,0.533333333,0.590909091,43.136,46.98290527,0,0
TTR,delGTC,TRUE,TRUE,AGTCCCTCATTCCTTGGGAT,CCAAGGAATGAGGGA,TCCACCACGGCTGTCACAAATC,CACGGCTGTCACCAATCCCA,13.00666667,GGAAATGGATCTGTCTGTCTTCTCTCATAGGTGGTATTCACAGCCAACGACTCCGGCCCCCGCCGCTACACCATTGCCGCCCTGCTGAGCCCCTACTCCTATTCCACCACGGCTGTC(-GTC)ACCAATCCCAAGGAATGAGGGACTTCTCCTCCAGTGGACCTGAAGGACGAGGGATGGGATTTCATGTAACCAAGAGTATTCCATTTTTACTAAAGCAGTGTTTTCACCTCATATGCTATGTTAGAAGTCCAGGCAGAGACAATAAAACAT,0,3,0,GGAAATGGATCTGTCTGTCTTCTCTCATAGGTGGTATTCACAGCCAACGACTCCGGCCCCCGCCGCTACACCATTGCCGCCCTGCTGAGCCCCTACTCCTATTCCACCACGGCTGTCGTCACCAATCCCAAGGAATGAGGGACTTCTCCTCCAGTGGACCTGAAGGACGAGGGATGGGATTTCATGTAACCAAGAGTATTCCATTTTTACTAAAGCAGTGTTTTCACCTCATATGCTATGTTAGAAGTCCAGGCAGAGACAATAAAACAT,GGAAATGGATCTGTCTGTCTTCTCTCATAGGTGGTATTCACAGCCAACGACTCCGGCCCCCGCCGCTACACCATTGCCGCCCTGCTGAGCCCCTACTCCTATTCCACCACGGCTGTCACCAATCCCAAGGAATGAGGGACTTCTCCTCCAGTGGACCTGAAGGACGAGGGATGGGATTTCATGTAACCAAGAGTATTCCATTTTTACTAAAGCAGTGTTTTCACCTCATATGCTATGTTAGAAGTCCAGGCAGAGACAATAAAACAT,127,124,-1,123,-4,7,15,15,22,TCCACCACGGCTGTCACAAATCCCAAGGAATGAGGGA,0.492891355,0.062410257,0.181518887,0.192965736,0.199243106,0.204094964,0.44346161,0.545372959,0.583622273,0.624150282,0.722435695,0.763972646,0.7410726,0.841099265,0.939104226,0.385103957,0.533333333,0.545454545,43.136,46.98290527,1,1
TTR,delGTC,TRUE,FALSE,AGTCCCTCATTCCTTGGGAT,CCAAGGAATGAGGGA,TCCACCACGGCTGTCACAAATC,GTATTCACAGCCAACGACTC,23.80333333,GGAAATGGATCTGTCTGTCTTCTCTCATAGGTGGTATTCACAGCCAACGACTCCGGCCCCCGCCGCTACACCATTGCCGCCCTGCTGAGCCCCTACTCCTATTCCACCACGGCTGTC(-GTC)ACCAATCCCAAGGAATGAGGGACTTCTCCTCCAGTGGACCTGAAGGACGAGGGATGGGATTTCATGTAACCAAGAGTATTCCATTTTTACTAAAGCAGTGTTTTCACCTCATATGCTATGTTAGAAGTCCAGGCAGAGACAATAAAACAT,0,3,0,GGAAATGGATCTGTCTGTCTTCTCTCATAGGTGGTATTCACAGCCAACGACTCCGGCCCCCGCCGCTACACCATTGCCGCCCTGCTGAGCCCCTACTCCTATTCCACCACGGCTGTCGTCACCAATCCCAAGGAATGAGGGACTTCTCCTCCAGTGGACCTGAAGGACGAGGGATGGGATTTCATGTAACCAAGAGTATTCCATTTTTACTAAAGCAGTGTTTTCACCTCATATGCTATGTTAGAAGTCCAGGCAGAGACAATAAAACAT,GGAAATGGATCTGTCTGTCTTCTCTCATAGGTGGTATTCACAGCCAACGACTCCGGCCCCCGCCGCTACACCATTGCCGCCCTGCTGAGCCCCTACTCCTATTCCACCACGGCTGTCACCAATCCCAAGGAATGAGGGACTTCTCCTCCAGTGGACCTGAAGGACGAGGGATGGGATTTCATGTAACCAAGAGTATTCCATTTTTACTAAAGCAGTGTTTTCACCTCATATGCTATGTTAGAAGTCCAGGCAGAGACAATAAAACAT,127,124,49,49,-78,7,15,15,22,TCCACCACGGCTGTCACAAATCCCAAGGAATGAGGGA,0.492891355,0.062410257,0.181518887,0.192965736,0.199243106,0.204094964,0.44346161,0.545372959,0.583622273,0.624150282,0.722435695,0.763972646,0.7410726,0.841099265,0.939104226,0.385103957,0.533333333,0.545454545,43.136,46.98290527,1,0
VWF,delG,TRUE,FALSE,GGTGACTCACCATGCCCGGG,GGGCATGGTGAG,GCCTCTGCCCCC,TCTCTGGCTGCCTCTGCCCC,22.78666667,AAAAGGAGCCTATCCTGTCGGCCCCCCATGGTCAAGCTGGTGTGTCCCGCTGACAACCTGCGGGCTGAAGGGCTCGAGTGTACCAAAACGTGCCAGAACTATGACCTGGAGTGCATGAGCATGGGCTGTGTCTCTGGCTGCCTCTGCCCCC(-C)GGGCATGGTGAGTCACCAGGCACAGAGCTGGTGCCTGCCCTTCAGTTTTCTTGTAGGCAGGGATGAGTGAGGGGGCTGTGCAGCCAGAGAGAGGAAGAAACAAGGGCTAAACACGGATAGCAATGGAGGTGGTGCTGGTAATGGGGGCAT,0,1,0,AAAAGGAGCCTATCCTGTCGGCCCCCCATGGTCAAGCTGGTGTGTCCCGCTGACAACCTGCGGGCTGAAGGGCTCGAGTGTACCAAAACGTGCCAGAACTATGACCTGGAGTGCATGAGCATGGGCTGTGTCTCTGGCTGCCTCTGCCCCCCGGGCATGGTGAGTCACCAGGCACAGAGCTGGTGCCTGCCCTTCAGTTTTCTTGTAGGCAGGGATGAGTGAGGGGGCTGTGCAGCCAGAGAGAGGAAGAAACAAGGGCTAAACACGGATAGCAATGGAGGTGGTGCTGGTAATGGGGGCAT,AAAAGGAGCCTATCCTGTCGGCCCCCCATGGTCAAGCTGGTGTGTCCCGCTGACAACCTGCGGGCTGAAGGGCTCGAGTGTACCAAAACGTGCCAGAACTATGACCTGGAGTGCATGAGCATGGGCTGTGTCTCTGGCTGCCTCTGCCCCCGGGCATGGTGAGTCACCAGGCACAGAGCTGGTGCCTGCCCTTCAGTTTTCTTGTAGGCAGGGATGAGTGAGGGGGCTGTGCAGCCAGAGAGAGGAAGAAACAAGGGCTAAACACGGATAGCAATGGAGGTGGTGCTGGTAATGGGGGCAT,152,151,146,146,-6,1,11,12,12,GCCTCTGCCCCCGGGCATGGTGAG,0.330309587,0.345565986,0.360507777,0.331200059,0.05428871,0.053362201,0.059999141,0.083836389,0.017779458,0,0,0.166593908,0.18932684,0.206493941,0.215712505,0.232907269,0.666666667,0.833333333,53.836,55.67218363,1,1
VWF,delG,TRUE,FALSE,GGTGACTCACCATGCCCGGG,GGGCATGGTGAG,GCCTCTGCCCCC,CTGACAACCTGCGGGCTGAA,17.67333333,AAAAGGAGCCTATCCTGTCGGCCCCCCATGGTCAAGCTGGTGTGTCCCGCTGACAACCTGCGGGCTGAAGGGCTCGAGTGTACCAAAACGTGCCAGAACTATGACCTGGAGTGCATGAGCATGGGCTGTGTCTCTGGCTGCCTCTGCCCCC(-C)GGGCATGGTGAGTCACCAGGCACAGAGCTGGTGCCTGCCCTTCAGTTTTCTTGTAGGCAGGGATGAGTGAGGGGGCTGTGCAGCCAGAGAGAGGAAGAAACAAGGGCTAAACACGGATAGCAATGGAGGTGGTGCTGGTAATGGGGGCAT,0,1,0,AAAAGGAGCCTATCCTGTCGGCCCCCCATGGTCAAGCTGGTGTGTCCCGCTGACAACCTGCGGGCTGAAGGGCTCGAGTGTACCAAAACGTGCCAGAACTATGACCTGGAGTGCATGAGCATGGGCTGTGTCTCTGGCTGCCTCTGCCCCCCGGGCATGGTGAGTCACCAGGCACAGAGCTGGTGCCTGCCCTTCAGTTTTCTTGTAGGCAGGGATGAGTGAGGGGGCTGTGCAGCCAGAGAGAGGAAGAAACAAGGGCTAAACACGGATAGCAATGGAGGTGGTGCTGGTAATGGGGGCAT,AAAAGGAGCCTATCCTGTCGGCCCCCCATGGTCAAGCTGGTGTGTCCCGCTGACAACCTGCGGGCTGAAGGGCTCGAGTGTACCAAAACGTGCCAGAACTATGACCTGGAGTGCATGAGCATGGGCTGTGTCTCTGGCTGCCTCTGCCCCCGGGCATGGTGAGTCACCAGGCACAGAGCTGGTGCCTGCCCTTCAGTTTTCTTGTAGGCAGGGATGAGTGAGGGGGCTGTGCAGCCAGAGAGAGGAAGAAACAAGGGCTAAACACGGATAGCAATGGAGGTGGTGCTGGTAATGGGGGCAT,152,151,65,65,-87,1,11,12,12,GCCTCTGCCCCCGGGCATGGTGAG,0.330309587,0.345565986,0.360507777,0.331200059,0.05428871,0.053362201,0.059999141,0.083836389,0.017779458,0,0,0.166593908,0.18932684,0.206493941,0.215712505,0.232907269,0.666666667,0.833333333,53.836,55.67218363,1,0
