gene,target_mutation,is_dPAM,is_PE3b,sgRNA,PBS,RTT,ngRNA,eff,PrimeDesign_input,N_mutation,N_deletion,N_insertion,refseq,altseq,cut_sgRNA1,cut_sgRNA2,cut_ngRNA1,cut_ngRNA2,cut_position,target_pos,RTT_flank
ATP7B,delG,True,False,CCAGCAATACCTTTTTCTGC,GAAAAAGGTATTGCTG,GCAGCCTTCCGCA,TCCGCAGAAAAAGGTATTGC,0.013333333333333334,GAACTTGGAACAGAGACCTTGGGATACTGCACGGACTTCCAGGCAGTGCCAGGCTGTGGAATTGGGTGCAAAGTCAGCAACGTGGAAGGCATCCTGGCCCACAGTGAGCGCCCTTTGAGTGCACCGGCCAGTCACCTGAATGAGGCTGGCAGCCTTCC(-C)GCAGAAAAAGGTATTGCTGGCTTTTGTCTCTGCAGCTGGTTAAAAGTAGAGGTGGGTCAAACCACAGAGAGCACCACGCCCAGCAGTGATTGCCTCTGCTGTGCGGCAGACGGTTCATGGCTAAGGCACCCAAGCCTGCCTCCCCACACC,0,1,0,GAACTTGGAACAGAGACCTTGGGATACTGCACGGACTTCCAGGCAGTGCCAGGCTGTGGAATTGGGTGCAAAGTCAGCAACGTGGAAGGCATCCTGGCCCACAGTGAGCGCCCTTTGAGTGCACCGGCCAGTCACCTGAATGAGGCTGGCAGCCTTCCCGCAGAAAAAGGTATTGCTGGCTTTTGTCTCTGCAGCTGGTTAAAAGTAGAGGTGGGTCAAACCACAGAGAGCACCACGCCCAGCAGTGATTGCCTCTGCTGTGCGGCAGACGGTTCATGGCTAAGGCACCCAAGCCTGCCTCCCCACACC,GAACTTGGAACAGAGACCTTGGGATACTGCACGGACTTCCAGGCAGTGCCAGGCTGTGGAATTGGGTGCAAAGTCAGCAACGTGGAAGGCATCCTGGCCCACAGTGAGCGCCCTTTGAGTGCACCGGCCAGTCACCTGAATGAGGCTGGCAGCCTTCCGCAGAAAAAGGTATTGCTGGCTTTTGTCTCTGCAGCTGGTTAAAAGTAGAGGTGGGTCAAACCACAGAGAGCACCACGCCCAGCAGTGATTGCCTCTGCTGTGCGGCAGACGGTTCATGGCTAAGGCACCCAAGCCTGCCTCCCCACACC,162,161,-1,171,9,3,10
CFH,24bp_del,False,False,AACATGTTGGGATGGGAAAC,TCCCATCCC,ACTAAAGTTCTGAATAAAGGTGTGCACTTTATGATTGATACTCCAGTT,AATACTAAAGTTCTGAATAA,0.27666666666666667,CCGTGTGTAATATCCCGAGAAATTATGGAAAATTATAACATAGCATTAAGGTGGACAGCCAAACAGAAGCTTTATTCGAGAACAGGTGAATCAGTTGAATTTGTGTGTAAACGGGGATATCGTCTTTCATCACGTTCTCACACATTGCGAACAACATGTTGGGATGGGAAACTGGAGTATC(-CAACTTGTGCAAAAAGATAGAATC)AATCATAAAGTGCACACCTTTATTCAGAACTTTAGTATTAAATCAGTTCTCAATTTCATTTTTTATGTATTGTTTTACTCCTTTTTATTCATACGTAAAATTTTGGATTAATTTGTGAAAATGTAATTATAAGCTGAGACCGGTGGCTCT,0,24,0,CCGTGTGTAATATCCCGAGAAATTATGGAAAATTATAACATAGCATTAAGGTGGACAGCCAAACAGAAGCTTTATTCGAGAACAGGTGAATCAGTTGAATTTGTGTGTAAACGGGGATATCGTCTTTCATCACGTTCTCACACATTGCGAACAACATGTTGGGATGGGAAACTGGAGTATCCAACTTGTGCAAAAAGATAGAATCAATCATAAAGTGCACACCTTTATTCAGAACTTTAGTATTAAATCAGTTCTCAATTTCATTTTTTATGTATTGTTTTACTCCTTTTTATTCATACGTAAAATTTTGGATTAATTTGTGAAAATGTAATTATAAGCTGAGACCGGTGGCTCT,CCGTGTGTAATATCCCGAGAAATTATGGAAAATTATAACATAGCATTAAGGTGGACAGCCAAACAGAAGCTTTATTCGAGAACAGGTGAATCAGTTGAATTTGTGTGTAAACGGGGATATCGTCTTTCATCACGTTCTCACACATTGCGAACAACATGTTGGGATGGGAAACTGGAGTATCAATCATAAAGTGCACACCTTTATTCAGAACTTTAGTATTAAATCAGTTCTCAATTTCATTTTTTATGTATTGTTTTACTCCTTTTTATTCATACGTAAAATTTTGGATTAATTTGTGAAAATGTAATTATAAGCTGAGACCGGTGGCTCT,168,168,227,203,35,12,36
CFH,24bp_del,True,False,AACATGTTGGGATGGGAAAC,TCCCATCCC,ACTAAAGTTCTGAATAAAGGTGTGCACTTTATGATTGATACTCGAGTT,AATACTAAAGTTCTGAATAA,1.01,CCGTGTGTAATATCCCGAGAAATTATGGAAAATTATAACATAGCATTAAGGTGGACAGCCAAACAGAAGCTTTATTCGAGAACAGGTGAATCAGTTGAATTTGTGTGTAAACGGGGATATCGTCTTTCATCACGTTCTCACACATTGCGAACAACATGTTGGGATGGGAAACTGGAGTATC(-CAACTTGTGCAAAAAGATAGAATC)AATCATAAAGTGCACACCTTTATTCAGAACTTTAGTATTAAATCAGTTCTCAATTTCATTTTTTATGTATTGTTTTACTCCTTTTTATTCATACGTAAAATTTTGGATTAATTTGTGAAAATGTAATTATAAGCTGAGACCGGTGGCTCT,0,24,0,CCGTGTGTAATATCCCGAGAAATTATGGAAAATTATAACATAGCATTAAGGTGGACAGCCAAACAGAAGCTTTATTCGAGAACAGGTGAATCAGTTGAATTTGTGTGTAAACGGGGATATCGTCTTTCATCACGTTCTCACACATTGCGAACAACATGTTGGGATGGGAAACTGGAGTATCCAACTTGTGCAAAAAGATAGAATCAATCATAAAGTGCACACCTTTATTCAGAACTTTAGTATTAAATCAGTTCTCAATTTCATTTTTTATGTATTGTTTTACTCCTTTTTATTCATACGTAAAATTTTGGATTAATTTGTGAAAATGTAATTATAAGCTGAGACCGGTGGCTCT,CCGTGTGTAATATCCCGAGAAATTATGGAAAATTATAACATAGCATTAAGGTGGACAGCCAAACAGAAGCTTTATTCGAGAACAGGTGAATCAGTTGAATTTGTGTGTAAACGGGGATATCGTCTTTCATCACGTTCTCACACATTGCGAACAACATGTTGGGATGGGAAACTGGAGTATCAATCATAAAGTGCACACCTTTATTCAGAACTTTAGTATTAAATCAGTTCTCAATTTCATTTTTTATGTATTGTTTTACTCCTTTTTATTCATACGTAAAATTTTGGATTAATTTGTGAAAATGTAATTATAAGCTGAGACCGGTGGCTCT,168,168,227,203,35,12,36
DMD,delG,True,False,ACTACGAGGCTGGCTCAGGG,TGAGCCAGCC,GGACTCCCCC,GAGAATCCTAGCAGATCTTG,18.30666666666667,TTTCTATTTTCAAATACACTCCTGAGTCCCTAACCCCCAAAGCAAAATAAGGGGGGGAAAAAACCAAAACCTTTGATTTTATTTTCCAGAGATGATGAACATTTGTTAATCCAGCATTACTGCCAAAGTTTGAACCAGGACTCCCCC(-C)TGAGCCAGCCTCGTAGTCCTGCCCAGATCTTGATTTCCTTAGAGAGTGAGGAAAGAGGGGAGCTAGAGAGAATCCTAGCAGATCTTGAGGAAGAAAACAGGTGAGTTTTCTTTCTAGCTTTGTCATTGGTATGCAGAGTGCATACACTTG,0,1,0,TTTCTATTTTCAAATACACTCCTGAGTCCCTAACCCCCAAAGCAAAATAAGGGGGGGAAAAAACCAAAACCTTTGATTTTATTTTCCAGAGATGATGAACATTTGTTAATCCAGCATTACTGCCAAAGTTTGAACCAGGACTCCCCCCTGAGCCAGCCTCGTAGTCCTGCCCAGATCTTGATTTCCTTAGAGAGTGAGGAAAGAGGGGAGCTAGAGAGAATCCTAGCAGATCTTGAGGAAGAAAACAGGTGAGTTTTCTTTCTAGCTTTGTCATTGGTATGCAGAGTGCATACACTTG,TTTCTATTTTCAAATACACTCCTGAGTCCCTAACCCCCAAAGCAAAATAAGGGGGGGAAAAAACCAAAACCTTTGATTTTATTTTCCAGAGATGATGAACATTTGTTAATCCAGCATTACTGCCAAAGTTTGAACCAGGACTCCCCCTGAGCCAGCCTCGTAGTCCTGCCCAGATCTTGATTTCCTTAGAGAGTGAGGAAAGAGGGGAGCTAGAGAGAATCCTAGCAGATCTTGAGGAAGAAAACAGGTGAGTTTTCTTTCTAGCTTTGTCATTGGTATGCAGAGTGCATACACTTG,148,147,231,230,82,1,9
GATA2,delTGT,False,True,GTTTCGGCGCCATAAGGTGG,CCTTATGGCGCC,GCAAATTGTCAGACGACCACCA,GTCAGACGACCACCACCTTA,16.353333333333335,GGGAGGGGGGTCGAGGTGGGCGTGGGAGTCCAGCCTGCTGACGCTGCCTTGCCCTCCCAGTCGGCCGCCAGAAGAGCCGGCACCTGTTGTGCAAATTGTCAGACG(-ACA)ACCACCACCTTATGGCGCCGAAACGCCAACGGGGACCCTGTCTGCAACGCCTGTGGCCTCTACTACAAGCTGCACAATGTGAGTGCGCCCCGCCCCGGCCACCCCGCCCCTCCCAGGGGACCTCTGCGCTTTGTGCTGCCAGGCAAGAGG,0,3,0,GGGAGGGGGGTCGAGGTGGGCGTGGGAGTCCAGCCTGCTGACGCTGCCTTGCCCTCCCAGTCGGCCGCCAGAAGAGCCGGCACCTGTTGTGCAAATTGTCAGACGACAACCACCACCTTATGGCGCCGAAACGCCAACGGGGACCCTGTCTGCAACGCCTGTGGCCTCTACTACAAGCTGCACAATGTGAGTGCGCCCCGCCCCGGCCACCCCGCCCCTCCCAGGGGACCTCTGCGCTTTGTGCTGCCAGGCAAGAGG,GGGAGGGGGGTCGAGGTGGGCGTGGGAGTCCAGCCTGCTGACGCTGCCTTGCCCTCCCAGTCGGCCGCCAGAAGAGCCGGCACCTGTTGTGCAAATTGTCAGACGACCACCACCTTATGGCGCCGAAACGCCAACGGGGACCCTGTCTGCAACGCCTGTGGCCTCTACTACAAGCTGCACAATGTGAGTGCGCCCCGCCCCGGCCACCCCGCCCCTCCCAGGGGACCTCTGCGCTTTGTGCTGCCAGGCAAGAGG,115,112,-1,113,-2,7,15
GATA2,delTGT,False,False,GTTTCGGCGCCATAAGGTGG,CCTTATGGCGCC,GCAAATTGTCAGACGACCACCA,CGCTGCCTTGCCCTCCCAGT,23.34,GGGAGGGGGGTCGAGGTGGGCGTGGGAGTCCAGCCTGCTGACGCTGCCTTGCCCTCCCAGTCGGCCGCCAGAAGAGCCGGCACCTGTTGTGCAAATTGTCAGACG(-ACA)ACCACCACCTTATGGCGCCGAAACGCCAACGGGGACCCTGTCTGCAACGCCTGTGGCCTCTACTACAAGCTGCACAATGTGAGTGCGCCCCGCCCCGGCCACCCCGCCCCTCCCAGGGGACCTCTGCGCTTTGTGCTGCCAGGCAAGAGG,0,3,0,GGGAGGGGGGTCGAGGTGGGCGTGGGAGTCCAGCCTGCTGACGCTGCCTTGCCCTCCCAGTCGGCCGCCAGAAGAGCCGGCACCTGTTGTGCAAATTGTCAGACGACAACCACCACCTTATGGCGCCGAAACGCCAACGGGGACCCTGTCTGCAACGCCTGTGGCCTCTACTACAAGCTGCACAATGTGAGTGCGCCCCGCCCCGGCCACCCCGCCCCTCCCAGGGGACCTCTGCGCTTTGTGCTGCCAGGCAAGAGG,GGGAGGGGGGTCGAGGTGGGCGTGGGAGTCCAGCCTGCTGACGCTGCCTTGCCCTCCCAGTCGGCCGCCAGAAGAGCCGGCACCTGTTGTGCAAATTGTCAGACGACCACCACCTTATGGCGCCGAAACGCCAACGGGGACCCTGTCTGCAACGCCTGTGGCCTCTACTACAAGCTGCACAATGTGAGTGCGCCCCGCCCCGGCCACCCCGCCCCTCCCAGGGGACCTCTGCGCTTTGTGCTGCCAGGCAAGAGG,115,112,57,57,-58,7,15
GATA2,delTGT,True,True,GTTTCGGCGCCATAAGGTGG,CCTTATGGCGCC,GCAAATTGTCAGACGACAACCA,GTCAGACGACCACCACCTTA,21.80666666666667,GGGAGGGGGGTCGAGGTGGGCGTGGGAGTCCAGCCTGCTGACGCTGCCTTGCCCTCCCAGTCGGCCGCCAGAAGAGCCGGCACCTGTTGTGCAAATTGTCAGACG(-ACA)ACCACCACCTTATGGCGCCGAAACGCCAACGGGGACCCTGTCTGCAACGCCTGTGGCCTCTACTACAAGCTGCACAATGTGAGTGCGCCCCGCCCCGGCCACCCCGCCCCTCCCAGGGGACCTCTGCGCTTTGTGCTGCCAGGCAAGAGG,0,3,0,GGGAGGGGGGTCGAGGTGGGCGTGGGAGTCCAGCCTGCTGACGCTGCCTTGCCCTCCCAGTCGGCCGCCAGAAGAGCCGGCACCTGTTGTGCAAATTGTCAGACGACAACCACCACCTTATGGCGCCGAAACGCCAACGGGGACCCTGTCTGCAACGCCTGTGGCCTCTACTACAAGCTGCACAATGTGAGTGCGCCCCGCCCCGGCCACCCCGCCCCTCCCAGGGGACCTCTGCGCTTTGTGCTGCCAGGCAAGAGG,GGGAGGGGGGTCGAGGTGGGCGTGGGAGTCCAGCCTGCTGACGCTGCCTTGCCCTCCCAGTCGGCCGCCAGAAGAGCCGGCACCTGTTGTGCAAATTGTCAGACGACCACCACCTTATGGCGCCGAAACGCCAACGGGGACCCTGTCTGCAACGCCTGTGGCCTCTACTACAAGCTGCACAATGTGAGTGCGCCCCGCCCCGGCCACCCCGCCCCTCCCAGGGGACCTCTGCGCTTTGTGCTGCCAGGCAAGAGG,115,112,-1,113,-2,7,15
GATA2,delTGT,True,False,GTTTCGGCGCCATAAGGTGG,CCTTATGGCGCC,GCAAATTGTCAGACGACAACCA,CGCTGCCTTGCCCTCCCAGT,37.13666666666666,GGGAGGGGGGTCGAGGTGGGCGTGGGAGTCCAGCCTGCTGACGCTGCCTTGCCCTCCCAGTCGGCCGCCAGAAGAGCCGGCACCTGTTGTGCAAATTGTCAGACG(-ACA)ACCACCACCTTATGGCGCCGAAACGCCAACGGGGACCCTGTCTGCAACGCCTGTGGCCTCTACTACAAGCTGCACAATGTGAGTGCGCCCCGCCCCGGCCACCCCGCCCCTCCCAGGGGACCTCTGCGCTTTGTGCTGCCAGGCAAGAGG,0,3,0,GGGAGGGGGGTCGAGGTGGGCGTGGGAGTCCAGCCTGCTGACGCTGCCTTGCCCTCCCAGTCGGCCGCCAGAAGAGCCGGCACCTGTTGTGCAAATTGTCAGACGACAACCACCACCTTATGGCGCCGAAACGCCAACGGGGACCCTGTCTGCAACGCCTGTGGCCTCTACTACAAGCTGCACAATGTGAGTGCGCCCCGCCCCGGCCACCCCGCCCCTCCCAGGGGACCTCTGCGCTTTGTGCTGCCAGGCAAGAGG,GGGAGGGGGGTCGAGGTGGGCGTGGGAGTCCAGCCTGCTGACGCTGCCTTGCCCTCCCAGTCGGCCGCCAGAAGAGCCGGCACCTGTTGTGCAAATTGTCAGACGACCACCACCTTATGGCGCCGAAACGCCAACGGGGACCCTGTCTGCAACGCCTGTGGCCTCTACTACAAGCTGCACAATGTGAGTGCGCCCCGCCCCGGCCACCCCGCCCCTCCCAGGGGACCTCTGCGCTTTGTGCTGCCAGGCAAGAGG,115,112,57,57,-58,7,15
GLA,del(CAGC)2CCATG,True,True,ATTGGCAAGGACGCCTACCA,TAGGCGTCCTTG,GGTTGCACATGAAGCGCTCCCAGTGG,CATGAAGCGCTCCCAGTGGT,8.59,ATGCAGCTGAGGAACCCAGAACTACATCTGGGCTGCGCGCTTGCGCTTCGCTTCCTGGCCCTCGTTTCCTGGGACATCCCTGGGGCTAGAGCACTGGACAATGGATTGGCAAGGACGCCTAC(-CATGGGCTGGCTG)CACTGGGAGCGCTTCATGTGCAACCTTGACTGCCAGGAAGAGCCAGATTCCTGCATCAGGTATCAGATATTGGGTACTCCCTTCCCTTTGCTTTTCCATGTGTTTGGGTGTGTTTGGGGAACTGGAGAGTCTCAACGGGAACAGTTGAGC,0,13,0,ATGCAGCTGAGGAACCCAGAACTACATCTGGGCTGCGCGCTTGCGCTTCGCTTCCTGGCCCTCGTTTCCTGGGACATCCCTGGGGCTAGAGCACTGGACAATGGATTGGCAAGGACGCCTACCATGGGCTGGCTGCACTGGGAGCGCTTCATGTGCAACCTTGACTGCCAGGAAGAGCCAGATTCCTGCATCAGGTATCAGATATTGGGTACTCCCTTCCCTTTGCTTTTCCATGTGTTTGGGTGTGTTTGGGGAACTGGAGAGTCTCAACGGGAACAGTTGAGC,ATGCAGCTGAGGAACCCAGAACTACATCTGGGCTGCGCGCTTGCGCTTCGCTTCCTGGCCCTCGTTTCCTGGGACATCCCTGGGGCTAGAGCACTGGACAATGGATTGGCAAGGACGCCTACCACTGGGAGCGCTTCATGTGCAACCTTGACTGCCAGGAAGAGCCAGATTCCTGCATCAGGTATCAGATATTGGGTACTCCCTTCCCTTTGCTTTTCCATGTGTTTGGGTGTGTTTGGGGAACTGGAGAGTCTCAACGGGAACAGTTGAGC,120,120,-1,123,3,2,24
GLA,del(CAGC)2CCATG,True,False,ATTGGCAAGGACGCCTACCA,TAGGCGTCCTTG,GGTTGCACATGAAGCGCTCCCAGTGG,CAATATCTGATACCTGATGC,14.683333333333332,ATGCAGCTGAGGAACCCAGAACTACATCTGGGCTGCGCGCTTGCGCTTCGCTTCCTGGCCCTCGTTTCCTGGGACATCCCTGGGGCTAGAGCACTGGACAATGGATTGGCAAGGACGCCTAC(-CATGGGCTGGCTG)CACTGGGAGCGCTTCATGTGCAACCTTGACTGCCAGGAAGAGCCAGATTCCTGCATCAGGTATCAGATATTGGGTACTCCCTTCCCTTTGCTTTTCCATGTGTTTGGGTGTGTTTGGGGAACTGGAGAGTCTCAACGGGAACAGTTGAGC,0,13,0,ATGCAGCTGAGGAACCCAGAACTACATCTGGGCTGCGCGCTTGCGCTTCGCTTCCTGGCCCTCGTTTCCTGGGACATCCCTGGGGCTAGAGCACTGGACAATGGATTGGCAAGGACGCCTACCATGGGCTGGCTGCACTGGGAGCGCTTCATGTGCAACCTTGACTGCCAGGAAGAGCCAGATTCCTGCATCAGGTATCAGATATTGGGTACTCCCTTCCCTTTGCTTTTCCATGTGTTTGGGTGTGTTTGGGGAACTGGAGAGTCTCAACGGGAACAGTTGAGC,ATGCAGCTGAGGAACCCAGAACTACATCTGGGCTGCGCGCTTGCGCTTCGCTTCCTGGCCCTCGTTTCCTGGGACATCCCTGGGGCTAGAGCACTGGACAATGGATTGGCAAGGACGCCTACCACTGGGAGCGCTTCATGTGCAACCTTGACTGCCAGGAAGAGCCAGATTCCTGCATCAGGTATCAGATATTGGGTACTCCCTTCCCTTTGCTTTTCCATGTGTTTGGGTGTGTTTGGGGAACTGGAGAGTCTCAACGGGAACAGTTGAGC,120,120,190,177,57,2,24
HMBS,dup,False,True,CCCTACCAGGTGCCTCAGGA,TGAGGCACCTGG,TGCTGCACGATCCCGAGACTTTCGCTGCATCGCTGAAAGGGCCTTCC,ACTttcgctgcATCGCTGAA,0.0,TGGGGAGCAAGTAGATAGAGGTGGTCCCATGCTTTGCGCCATTGGTTGGGGAAAGATCAGGCCTGATGTCCTAGGATGTTTTTCCATCAGGGGGCCTTGGGCGTGGAAGTGCGAGCCAAGGACCAGGACATCTTGGATCTGGTGGGTGTGCTGCACGATCCCGAGACT(+TTCGCTGC)ATCGCTGAAAGGGCCTTCCTGAGGCACCTGGTAGGGCCTGTGCTCCACCTGTGGAGGGCTGGGGACTTGGAGAGCTGGGAAAGGTGGCAGGGAAGATTTCTTACATGAATGCTCTGTATACAGTGCTAACTCATTCTTGTTGAATGTTGT,0,0,8,TGGGGAGCAAGTAGATAGAGGTGGTCCCATGCTTTGCGCCATTGGTTGGGGAAAGATCAGGCCTGATGTCCTAGGATGTTTTTCCATCAGGGGGCCTTGGGCGTGGAAGTGCGAGCCAAGGACCAGGACATCTTGGATCTGGTGGGTGTGCTGCACGATCCCGAGACTATCGCTGAAAGGGCCTTCCTGAGGCACCTGGTAGGGCCTGTGCTCCACCTGTGGAGGGCTGGGGACTTGGAGAGCTGGGAAAGGTGGCAGGGAAGATTTCTTACATGAATGCTCTGTATACAGTGCTAACTCATTCTTGTTGAATGTTGT,TGGGGAGCAAGTAGATAGAGGTGGTCCCATGCTTTGCGCCATTGGTTGGGGAAAGATCAGGCCTGATGTCCTAGGATGTTTTTCCATCAGGGGGCCTTGGGCGTGGAAGTGCGAGCCAAGGACCAGGACATCTTGGATCTGGTGGGTGTGCTGCACGATCCCGAGACTTTCGCTGCATCGCTGAAAGGGCCTTCCTGAGGCACCTGGTAGGGCCTGTGCTCCACCTGTGGAGGGCTGGGGACTTGGAGAGCTGGGAAAGGTGGCAGGGAAGATTTCTTACATGAATGCTCTGTATACAGTGCTAACTCATTCTTGTTGAATGTTGT,187,195,-1,181,-6,19,20
IDS,G>A,True,False,ACTGAGGGATGTCTGAAGGC,TTCAGACATCCCT,GCCAGTATCCCTGGCC,GCATTTTCGATTCCGTGACT,31.36,GGACTGCAGGTTCCACCTCGCTGCCCCGTTCCTTCATTTCACGTTGAGCTGTGCAGAGAAGGCAAGAACCTTCTGAAGCATTTTCGATTCCGTGACTTGGAAGAGGATCCGTACCTCCCTGGTAATCCCCGTGAACTGATTGCCTATAGCCAGTATCCC(C/T)GGCCTTCAGACATCCCTCAGTGGAATTCTGACAAGCCGAGTTTAAAAGATATAAAGATCATGGGCTATTCCATACGCACCATAGACTATAGGTATACTGTGTGGGTTGGCTTCAATCCTGATGAATTTCTAGCTAACTTTTCTGACATCC,1,0,0,GGACTGCAGGTTCCACCTCGCTGCCCCGTTCCTTCATTTCACGTTGAGCTGTGCAGAGAAGGCAAGAACCTTCTGAAGCATTTTCGATTCCGTGACTTGGAAGAGGATCCGTACCTCCCTGGTAATCCCCGTGAACTGATTGCCTATAGCCAGTATCCCCGGCCTTCAGACATCCCTCAGTGGAATTCTGACAAGCCGAGTTTAAAAGATATAAAGATCATGGGCTATTCCATACGCACCATAGACTATAGGTATACTGTGTGGGTTGGCTTCAATCCTGATGAATTTCTAGCTAACTTTTCTGACATCC,GGACTGCAGGTTCCACCTCGCTGCCCCGTTCCTTCATTTCACGTTGAGCTGTGCAGAGAAGGCAAGAACCTTCTGAAGCATTTTCGATTCCGTGACTTGGAAGAGGATCCGTACCTCCCTGGTAATCCCCGTGAACTGATTGCCTATAGCCAGTATCCCTGGCCTTCAGACATCCCTCAGTGGAATTCTGACAAGCCGAGTTTAAAAGATATAAAGATCATGGGCTATTCCATACGCACCATAGACTATAGGTATACTGTGTGGGTTGGCTTCAATCCTGATGAATTTCTAGCTAACTTTTCTGACATCC,164,164,93,93,-71,4,12
IDUA,G>A,True,True,CCGCAGATGAGGAGCAGCTC,CTGCTCCTCATC,ACACTTCGGCCTAGAG,tAGAGCTGCTCCTCATCTGC,31.186666666666667,CGCGCTTCCCGGGGTCGGCCTCCGCGTGGCGGGGCCTGGGGACTCCTTCACCAAGGGGAGGGGGAGCGAGTGGTGGGAGGCCCGGCCCTGGGTCGGGGGGCGGCTGGGCAACGACCCCACGCGGCGACGGCCCCCCCCCGCCCCGCAGATGAGGAGCAGCTCT(G/A)GGCCGAAGTGTCGCAGGCCGGGACCGTCCTGGACAGCAACCACACGGTGGGCGTCCTGGCCAGCGCCCACCGCCCCCAGGGCCCGGCCGACGCCTGGCGCGCCGCGGTGCTGATCTACGCGAGCGACGACACCCGCGCCCACCCCAACCG,1,0,0,CGCGCTTCCCGGGGTCGGCCTCCGCGTGGCGGGGCCTGGGGACTCCTTCACCAAGGGGAGGGGGAGCGAGTGGTGGGAGGCCCGGCCCTGGGTCGGGGGGCGGCTGGGCAACGACCCCACGCGGCGACGGCCCCCCCCCGCCCCGCAGATGAGGAGCAGCTCTGGGCCGAAGTGTCGCAGGCCGGGACCGTCCTGGACAGCAACCACACGGTGGGCGTCCTGGCCAGCGCCCACCGCCCCCAGGGCCCGGCCGACGCCTGGCGCGCCGCGGTGCTGATCTACGCGAGCGACGACACCCGCGCCCACCCCAACCG,CGCGCTTCCCGGGGTCGGCCTCCGCGTGGCGGGGCCTGGGGACTCCTTCACCAAGGGGAGGGGGAGCGAGTGGTGGGAGGCCCGGCCCTGGGTCGGGGGGCGGCTGGGCAACGACCCCACGCGGCGACGGCCCCCCCCCGCCCCGCAGATGAGGAGCAGCTCTAGGCCGAAGTGTCGCAGGCCGGGACCGTCCTGGACAGCAACCACACGGTGGGCGTCCTGGCCAGCGCCCACCGCCCCCAGGGCCCGGCCGACGCCTGGCGCGCCGCGGTGCTGATCTACGCGAGCGACGACACCCGCGCCCACCCCAACCG,158,158,-1,147,-11,4,12
IDUA,G>A,True,False,CCGCAGATGAGGAGCAGCTC,CTGCTCCTCATC,ACACTTCGGCCTAGAG,GGCCGGGCCCTGGGGGCGGT,21.930000000000003,CGCGCTTCCCGGGGTCGGCCTCCGCGTGGCGGGGCCTGGGGACTCCTTCACCAAGGGGAGGGGGAGCGAGTGGTGGGAGGCCCGGCCCTGGGTCGGGGGGCGGCTGGGCAACGACCCCACGCGGCGACGGCCCCCCCCCGCCCCGCAGATGAGGAGCAGCTCT(G/A)GGCCGAAGTGTCGCAGGCCGGGACCGTCCTGGACAGCAACCACACGGTGGGCGTCCTGGCCAGCGCCCACCGCCCCCAGGGCCCGGCCGACGCCTGGCGCGCCGCGGTGCTGATCTACGCGAGCGACGACACCCGCGCCCACCCCAACCG,1,0,0,CGCGCTTCCCGGGGTCGGCCTCCGCGTGGCGGGGCCTGGGGACTCCTTCACCAAGGGGAGGGGGAGCGAGTGGTGGGAGGCCCGGCCCTGGGTCGGGGGGCGGCTGGGCAACGACCCCACGCGGCGACGGCCCCCCCCCGCCCCGCAGATGAGGAGCAGCTCTGGGCCGAAGTGTCGCAGGCCGGGACCGTCCTGGACAGCAACCACACGGTGGGCGTCCTGGCCAGCGCCCACCGCCCCCAGGGCCCGGCCGACGCCTGGCGCGCCGCGGTGCTGATCTACGCGAGCGACGACACCCGCGCCCACCCCAACCG,CGCGCTTCCCGGGGTCGGCCTCCGCGTGGCGGGGCCTGGGGACTCCTTCACCAAGGGGAGGGGGAGCGAGTGGTGGGAGGCCCGGCCCTGGGTCGGGGGGCGGCTGGGCAACGACCCCACGCGGCGACGGCCCCCCCCCGCCCCGCAGATGAGGAGCAGCTCTAGGCCGAAGTGTCGCAGGCCGGGACCGTCCTGGACAGCAACCACACGGTGGGCGTCCTGGCCAGCGCCCACCGCCCCCAGGGCCCGGCCGACGCCTGGCGCGCCGCGGTGCTGATCTACGCGAGCGACGACACCCGCGCCCACCCCAACCG,158,158,235,235,77,4,12
LDLR,T>A,False,True,CGCGGCGGGGACTGCAGGTA,CTGCAGTCCC,AGCAAGCCTTTC,CTTTCCTGCAGTCCCCGCCG,3.4933333333333336,CCGAGTGCAATCGCGGGAAGCCAGGGTTTCCAGCTAGGACACAGCAGGTCGTGATCCGGGTCGGGACACTGCCTGGCAGAGGCTGCGAGCATGGGGCCCTGGGGCTGGAAATTGCGCTGGACCGTCGCCTTGCTCCTCGCCGCGGCGGGGACTGCAGG(T/A)AAGGCTTGCTCCAGGCGCCAGAATAGGTTGAGAGGGAGCCCCCGGGGGGCCCTTGGGAATTTATTTTTTTGGGTACAAATAATCACTCCATCCCTGGGAGACTTGTGGGGTAATGGCACGGGGTCCTTCCCAAACGGCTGGAGGGGGCGC,1,0,0,CCGAGTGCAATCGCGGGAAGCCAGGGTTTCCAGCTAGGACACAGCAGGTCGTGATCCGGGTCGGGACACTGCCTGGCAGAGGCTGCGAGCATGGGGCCCTGGGGCTGGAAATTGCGCTGGACCGTCGCCTTGCTCCTCGCCGCGGCGGGGACTGCAGGTAAGGCTTGCTCCAGGCGCCAGAATAGGTTGAGAGGGAGCCCCCGGGGGGCCCTTGGGAATTTATTTTTTTGGGTACAAATAATCACTCCATCCCTGGGAGACTTGTGGGGTAATGGCACGGGGTCCTTCCCAAACGGCTGGAGGGGGCGC,CCGAGTGCAATCGCGGGAAGCCAGGGTTTCCAGCTAGGACACAGCAGGTCGTGATCCGGGTCGGGACACTGCCTGGCAGAGGCTGCGAGCATGGGGCCCTGGGGCTGGAAATTGCGCTGGACCGTCGCCTTGCTCCTCGCCGCGGCGGGGACTGCAGGAAAGGCTTGCTCCAGGCGCCAGAATAGGTTGAGAGGGAGCCCCCGGGGGGCCCTTGGGAATTTATTTTTTTGGGTACAAATAATCACTCCATCCCTGGGAGACTTGTGGGGTAATGGCACGGGGTCCTTCCCAAACGGCTGGAGGGGGCGC,156,-1,-1,145,-11,2,10
LDLR,T>A,False,False,CGCGGCGGGGACTGCAGGTA,CTGCAGTCCC,AGCAAGCCTTTC,CCATGCTCGCAGCCTCTGCC,5.75,CCGAGTGCAATCGCGGGAAGCCAGGGTTTCCAGCTAGGACACAGCAGGTCGTGATCCGGGTCGGGACACTGCCTGGCAGAGGCTGCGAGCATGGGGCCCTGGGGCTGGAAATTGCGCTGGACCGTCGCCTTGCTCCTCGCCGCGGCGGGGACTGCAGG(T/A)AAGGCTTGCTCCAGGCGCCAGAATAGGTTGAGAGGGAGCCCCCGGGGGGCCCTTGGGAATTTATTTTTTTGGGTACAAATAATCACTCCATCCCTGGGAGACTTGTGGGGTAATGGCACGGGGTCCTTCCCAAACGGCTGGAGGGGGCGC,1,0,0,CCGAGTGCAATCGCGGGAAGCCAGGGTTTCCAGCTAGGACACAGCAGGTCGTGATCCGGGTCGGGACACTGCCTGGCAGAGGCTGCGAGCATGGGGCCCTGGGGCTGGAAATTGCGCTGGACCGTCGCCTTGCTCCTCGCCGCGGCGGGGACTGCAGGTAAGGCTTGCTCCAGGCGCCAGAATAGGTTGAGAGGGAGCCCCCGGGGGGCCCTTGGGAATTTATTTTTTTGGGTACAAATAATCACTCCATCCCTGGGAGACTTGTGGGGTAATGGCACGGGGTCCTTCCCAAACGGCTGGAGGGGGCGC,CCGAGTGCAATCGCGGGAAGCCAGGGTTTCCAGCTAGGACACAGCAGGTCGTGATCCGGGTCGGGACACTGCCTGGCAGAGGCTGCGAGCATGGGGCCCTGGGGCTGGAAATTGCGCTGGACCGTCGCCTTGCTCCTCGCCGCGGCGGGGACTGCAGGAAAGGCTTGCTCCAGGCGCCAGAATAGGTTGAGAGGGAGCCCCCGGGGGGCCCTTGGGAATTTATTTTTTTGGGTACAAATAATCACTCCATCCCTGGGAGACTTGTGGGGTAATGGCACGGGGTCCTTCCCAAACGGCTGGAGGGGGCGC,156,-1,77,77,-79,2,10
MC4R,delCTCT,False,False,GCCTGGCCATCAGGAACATG,GTTCCTGATGGC,GCTCTCATGGCTTCTATGTCCACAT,CCGCCAAGGTGCCAATATGA,2.5,TACCATAACATTATGACAGTTAAGCGGGTTGGGATCATCATAAGTTGTATCTGGGCAGCTTGCACGGTTTCAGGCATTTTGTTCATCATTTACTCAGATAGTAGTGCTGTCATCATCTGCCTCATCACCATGTTCTTCACCATGCTGGCTCTCATGGCTTCT(-CTCT)ATGTCCACATGTTCCTGATGGCCAGGCTTCACATTAAGAGGATTGCTGTCCTCCCCGGCACTGGTGCCATCCGCCAAGGTGCCAATATGAAGGGAGCGATTACCTTGACCATCCTGATTGGCGTCTTTGTTGTCTGCTGGGCCCCATTCT,0,4,0,TACCATAACATTATGACAGTTAAGCGGGTTGGGATCATCATAAGTTGTATCTGGGCAGCTTGCACGGTTTCAGGCATTTTGTTCATCATTTACTCAGATAGTAGTGCTGTCATCATCTGCCTCATCACCATGTTCTTCACCATGCTGGCTCTCATGGCTTCTCTCTATGTCCACATGTTCCTGATGGCCAGGCTTCACATTAAGAGGATTGCTGTCCTCCCCGGCACTGGTGCCATCCGCCAAGGTGCCAATATGAAGGGAGCGATTACCTTGACCATCCTGATTGGCGTCTTTGTTGTCTGCTGGGCCCCATTCT,TACCATAACATTATGACAGTTAAGCGGGTTGGGATCATCATAAGTTGTATCTGGGCAGCTTGCACGGTTTCAGGCATTTTGTTCATCATTTACTCAGATAGTAGTGCTGTCATCATCTGCCTCATCACCATGTTCTTCACCATGCTGGCTCTCATGGCTTCTATGTCCACATGTTCCTGATGGCCAGGCTTCACATTAAGAGGATTGCTGTCCTCCCCGGCACTGGTGCCATCCGCCAAGGTGCCAATATGAAGGGAGCGATTACCTTGACCATCCTGATTGGCGTCTTTGTTGTCTGCTGGGCCCCATTCT,176,172,252,248,72,10,15
MYBPC3,25bp_del,True,False,AAATAAGGTAAAGAGAGGGA,CTCTCTTTACCTTAT,AACACAGATGTGTCTCCCTGGGTCCCTGCCAGGTCCC,GCATAGTCAGGGACTCTCGT,7.383333333333334,CATAGATGCCCCCGTCAAAGGGGCAGGGCTTTCTAATCTCCAGAGTCAACACTCCCTGCTTGCTGAACATGCGGAAGCGGGCGTCTTCTCCCAGGTCCAGGCCATTCTTGAACCAGGAAATCTTGGGCTATAAATAAGGTAAAGAGAGGG(-AGGGAAGCCATCCAGGCTGAGAGGG)GACCTGGCAGGGACCCAGGGAGACACATCTGTGTTTCTACTCGGGGGGTCCCACGAGAGTCCCTGACTATGCCCAAGGCTGGAAACAAACATGGAACCAAGAGTGAGTACCATGGCCCTGCCCAGGGGGAGGAACCCGGTCCATACACCC,0,25,0,CATAGATGCCCCCGTCAAAGGGGCAGGGCTTTCTAATCTCCAGAGTCAACACTCCCTGCTTGCTGAACATGCGGAAGCGGGCGTCTTCTCCCAGGTCCAGGCCATTCTTGAACCAGGAAATCTTGGGCTATAAATAAGGTAAAGAGAGGGAGGGAAGCCATCCAGGCTGAGAGGGGACCTGGCAGGGACCCAGGGAGACACATCTGTGTTTCTACTCGGGGGGTCCCACGAGAGTCCCTGACTATGCCCAAGGCTGGAAACAAACATGGAACCAAGAGTGAGTACCATGGCCCTGCCCAGGGGGAGGAACCCGGTCCATACACCC,CATAGATGCCCCCGTCAAAGGGGCAGGGCTTTCTAATCTCCAGAGTCAACACTCCCTGCTTGCTGAACATGCGGAAGCGGGCGTCTTCTCCCAGGTCCAGGCCATTCTTGAACCAGGAAATCTTGGGCTATAAATAAGGTAAAGAGAGGGGACCTGGCAGGGACCCAGGGAGACACATCTGTGTTTCTACTCGGGGGGTCCCACGAGAGTCCCTGACTATGCCCAAGGCTGGAAACAAACATGGAACCAAGAGTGAGTACCATGGCCCTGCCCAGGGGGAGGAACCCGGTCCATACACCC,147,-1,230,205,58,3,34
PAH,delATG,False,True,GTATGAATTTTTCACCCATT,GGGTGAAAAATTCATA,GCCTCAAGATCTTGATGTTTGTCAGAGCAGGCAGGCTACGTTTATCCAAAT,ATCTTGATGTTTGTCAGAGC,0.01,ATCTTTGGCCTGCGTTAGTTCCAGTGACTGTCTCCTCACCCTCCCCATTCTCTCTTCTAGGAGAATGATGTAAACCTGACCCACATTGAATCTAGACCTTCTCGTTTAAAGAAAGATGAGTATGAATTTTTCACCCATTTGGATAAACGTAGCCTGCCTGCTCTGACAAA(-CAT)CATCAAGATCTTGAGGCATGACATTGGTGCCACTGTCCATGAGCTTTCACGAGATAAGAAGAAAGACACAGGTAAGAATTAGAGGAATTTTGCAACATAAGTAACTCCACACTGTCTTCATAAAATAACAGCAATATACATATTTAACAG,0,3,0,ATCTTTGGCCTGCGTTAGTTCCAGTGACTGTCTCCTCACCCTCCCCATTCTCTCTTCTAGGAGAATGATGTAAACCTGACCCACATTGAATCTAGACCTTCTCGTTTAAAGAAAGATGAGTATGAATTTTTCACCCATTTGGATAAACGTAGCCTGCCTGCTCTGACAAACATCATCAAGATCTTGAGGCATGACATTGGTGCCACTGTCCATGAGCTTTCACGAGATAAGAAGAAAGACACAGGTAAGAATTAGAGGAATTTTGCAACATAAGTAACTCCACACTGTCTTCATAAAATAACAGCAATATACATATTTAACAG,ATCTTTGGCCTGCGTTAGTTCCAGTGACTGTCTCCTCACCCTCCCCATTCTCTCTTCTAGGAGAATGATGTAAACCTGACCCACATTGAATCTAGACCTTCTCGTTTAAAGAAAGATGAGTATGAATTTTTCACCCATTTGGATAAACGTAGCCTGCCTGCTCTGACAAACATCAAGATCTTGAGGCATGACATTGGTGCCACTGTCCATGAGCTTTCACGAGATAAGAAGAAAGACACAGGTAAGAATTAGAGGAATTTTGCAACATAAGTAACTCCACACTGTCTTCATAAAATAACAGCAATATACATATTTAACAG,135,135,-1,162,27,34,17
PKD1,indel,False,False,GCCCAGAGCTGGGGCCCCCA,GGGCCCCA,GCCCTGCCAGCTCACCTTCCTGCAGCCGTGG,AGCTCACCTTCCTGCAGCCG,7.046666666666667,CTCACTCGAGGCGGGCATGGGGCAGTAGGGGCTGGAGCGTGTGACTGATGCTGTGGCAGGTCTGAGGAGCTCTGGCCATGGATGGCCCACGTGCTGCTGCCCTACGTCCACGGGAACCAGTCCAGCCCAGAGCTGGGGCCCCCA(-CGGCTGCGGCAGGTG)CGGCTGCAGGAAGGTGAGCTGGCAGGGCGTGCCCCAAGACTTAAATCGTTCCTCTTGTTGAGAGAGCAGCCTTTAGCGGAGCTCTGGCATCAGCCCTGCTCCCTAGCTGTGTGACCTTTGCCCTCTTAACACCGCCGTTTCCTTCTCTGT,0,15,0,CTCACTCGAGGCGGGCATGGGGCAGTAGGGGCTGGAGCGTGTGACTGATGCTGTGGCAGGTCTGAGGAGCTCTGGCCATGGATGGCCCACGTGCTGCTGCCCTACGTCCACGGGAACCAGTCCAGCCCAGAGCTGGGGCCCCCACGGCTGCGGCAGGTGCGGCTGCAGGAAGGTGAGCTGGCAGGGCGTGCCCCAAGACTTAAATCGTTCCTCTTGTTGAGAGAGCAGCCTTTAGCGGAGCTCTGGCATCAGCCCTGCTCCCTAGCTGTGTGACCTTTGCCCTCTTAACACCGCCGTTTCCTTCTCTGT,CTCACTCGAGGCGGGCATGGGGCAGTAGGGGCTGGAGCGTGTGACTGATGCTGTGGCAGGTCTGAGGAGCTCTGGCCATGGATGGCCCACGTGCTGCTGCCCTACGTCCACGGGAACCAGTCCAGCCCAGAGCTGGGGCCCCCACGGCTGCAGGAAGGTGAGCTGGCAGGGCGTGCCCCAAGACTTAAATCGTTCCTCTTGTTGAGAGAGCAGCCTTTAGCGGAGCTCTGGCATCAGCCCTGCTCCCTAGCTGTGTGACCTTTGCCCTCTTAACACCGCCGTTTCCTTCTCTGT,140,140,162,147,7,3,28
PKD1,indel,True,False,GCCCAGAGCTGGGGCCCCCA,GGGCCCCA,GCCCTGCCAGCTCACCTTCCTGCAGTCTTGG,AGCTCACCTTCCTGCAGCCG,6.146666666666667,CTCACTCGAGGCGGGCATGGGGCAGTAGGGGCTGGAGCGTGTGACTGATGCTGTGGCAGGTCTGAGGAGCTCTGGCCATGGATGGCCCACGTGCTGCTGCCCTACGTCCACGGGAACCAGTCCAGCCCAGAGCTGGGGCCCCCA(-CGGCTGCGGCAGGTG)CGGCTGCAGGAAGGTGAGCTGGCAGGGCGTGCCCCAAGACTTAAATCGTTCCTCTTGTTGAGAGAGCAGCCTTTAGCGGAGCTCTGGCATCAGCCCTGCTCCCTAGCTGTGTGACCTTTGCCCTCTTAACACCGCCGTTTCCTTCTCTGT,0,15,0,CTCACTCGAGGCGGGCATGGGGCAGTAGGGGCTGGAGCGTGTGACTGATGCTGTGGCAGGTCTGAGGAGCTCTGGCCATGGATGGCCCACGTGCTGCTGCCCTACGTCCACGGGAACCAGTCCAGCCCAGAGCTGGGGCCCCCACGGCTGCGGCAGGTGCGGCTGCAGGAAGGTGAGCTGGCAGGGCGTGCCCCAAGACTTAAATCGTTCCTCTTGTTGAGAGAGCAGCCTTTAGCGGAGCTCTGGCATCAGCCCTGCTCCCTAGCTGTGTGACCTTTGCCCTCTTAACACCGCCGTTTCCTTCTCTGT,CTCACTCGAGGCGGGCATGGGGCAGTAGGGGCTGGAGCGTGTGACTGATGCTGTGGCAGGTCTGAGGAGCTCTGGCCATGGATGGCCCACGTGCTGCTGCCCTACGTCCACGGGAACCAGTCCAGCCCAGAGCTGGGGCCCCCACGGCTGCAGGAAGGTGAGCTGGCAGGGCGTGCCCCAAGACTTAAATCGTTCCTCTTGTTGAGAGAGCAGCCTTTAGCGGAGCTCTGGCATCAGCCCTGCTCCCTAGCTGTGTGACCTTTGCCCTCTTAACACCGCCGTTTCCTTCTCTGT,140,140,162,147,7,3,28
PSEN1,C>T,True,False,AAAGAGCATGATCACATGCT,ATGTGATCATGCTCT,AAATATGGCGTCAAGC,TTATCTAATGGACGACCCCA,35.303333333333335,AATGACAATAGAGAACGGCAGGAGCACAACGACAGACGGAGCCTTGGCCACCCTGAGCCATTATCTAATGGACGACCCCAGGGTAACTCCCGGCAGGTGGTGGAGCAAGATGAGGAAGAAGATGAGGAGCTGACATTGAAATATGGCG(C/T)CAAGCATGTGATCATGCTCTTTGTCCCTGTGACTCTCTGCATGGTGGTGGTCGTGGCTACCATTAAGTCAGTCAGCTTTTATACCCGGAAGGATGGGCAGCTGTACGTATGAGTTTTGTTTTATTATTCTCAAAGCCAGTGTGGCTTTTC,1,0,0,AATGACAATAGAGAACGGCAGGAGCACAACGACAGACGGAGCCTTGGCCACCCTGAGCCATTATCTAATGGACGACCCCAGGGTAACTCCCGGCAGGTGGTGGAGCAAGATGAGGAAGAAGATGAGGAGCTGACATTGAAATATGGCGCCAAGCATGTGATCATGCTCTTTGTCCCTGTGACTCTCTGCATGGTGGTGGTCGTGGCTACCATTAAGTCAGTCAGCTTTTATACCCGGAAGGATGGGCAGCTGTACGTATGAGTTTTGTTTTATTATTCTCAAAGCCAGTGTGGCTTTTC,AATGACAATAGAGAACGGCAGGAGCACAACGACAGACGGAGCCTTGGCCACCCTGAGCCATTATCTAATGGACGACCCCAGGGTAACTCCCGGCAGGTGGTGGAGCAAGATGAGGAAGAAGATGAGGAGCTGACATTGAAATATGGCGTCAAGCATGTGATCATGCTCTTTGTCCCTGTGACTCTCTGCATGGTGGTGGTCGTGGCTACCATTAAGTCAGTCAGCTTTTATACCCGGAAGGATGGGCAGCTGTACGTATGAGTTTTGTTTTATTATTCTCAAAGCCAGTGTGGCTTTTC,154,154,76,76,-78,5,11
PTCH1,insTCTAC,True,True,AGGTGTCCCGCAAGCCGTTG,CGGCTTGCGG,GCCCAGTTCCCTTTCTACGTAGACTCAA,CCCTTTCTACgtagaCTCAA,0.4966666666666666,TTTCATGCAAAGTTCTTCTCTCTTTCCATTGAAACTGTGATGCTCTTCTACCCTGGGCTGCTCCTAACCTGTGCCCTTCTCTGTCCAGTCCCGGCAGCAGAGCCCATCGAGTATGCCCAGTTCCCTTTCTAC(+GTAGA)CTCAACGGCTTGCGGGACACCTCAGACTTTGTGGAGGCAATTGAAAAAGTAAGGACCATCTGCAGCAACTATACGAGCCTGGGGCTGTCCAGTTACCCCAACGGCTACCCCTTCCTCTTCTGGGAGCAGTACATCGGCCTCCGCCACTGG,0,0,5,TTTCATGCAAAGTTCTTCTCTCTTTCCATTGAAACTGTGATGCTCTTCTACCCTGGGCTGCTCCTAACCTGTGCCCTTCTCTGTCCAGTCCCGGCAGCAGAGCCCATCGAGTATGCCCAGTTCCCTTTCTACCTCAACGGCTTGCGGGACACCTCAGACTTTGTGGAGGCAATTGAAAAAGTAAGGACCATCTGCAGCAACTATACGAGCCTGGGGCTGTCCAGTTACCCCAACGGCTACCCCTTCCTCTTCTGGGAGCAGTACATCGGCCTCCGCCACTGG,TTTCATGCAAAGTTCTTCTCTCTTTCCATTGAAACTGTGATGCTCTTCTACCCTGGGCTGCTCCTAACCTGTGCCCTTCTCTGTCCAGTCCCGGCAGCAGAGCCCATCGAGTATGCCCAGTTCCCTTTCTACGTAGACTCAACGGCTTGCGGGACACCTCAGACTTTGTGGAGGCAATTGAAAAAGTAAGGACCATCTGCAGCAACTATACGAGCCTGGGGCTGTCCAGTTACCCCAACGGCTACCCCTTCCTCTTCTGGGAGCAGTACATCGGCCTCCGCCACTGG,137,142,-1,138,1,5,18
PTCH1,insTCTAC,True,False,AGGTGTCCCGCAAGCCGTTG,CGGCTTGCGG,GCCCAGTTCCCTTTCTACGTAGACTCAA,CTGTGATGCTCTTCTACCCT,1.2,TTTCATGCAAAGTTCTTCTCTCTTTCCATTGAAACTGTGATGCTCTTCTACCCTGGGCTGCTCCTAACCTGTGCCCTTCTCTGTCCAGTCCCGGCAGCAGAGCCCATCGAGTATGCCCAGTTCCCTTTCTAC(+GTAGA)CTCAACGGCTTGCGGGACACCTCAGACTTTGTGGAGGCAATTGAAAAAGTAAGGACCATCTGCAGCAACTATACGAGCCTGGGGCTGTCCAGTTACCCCAACGGCTACCCCTTCCTCTTCTGGGAGCAGTACATCGGCCTCCGCCACTGG,0,0,5,TTTCATGCAAAGTTCTTCTCTCTTTCCATTGAAACTGTGATGCTCTTCTACCCTGGGCTGCTCCTAACCTGTGCCCTTCTCTGTCCAGTCCCGGCAGCAGAGCCCATCGAGTATGCCCAGTTCCCTTTCTACCTCAACGGCTTGCGGGACACCTCAGACTTTGTGGAGGCAATTGAAAAAGTAAGGACCATCTGCAGCAACTATACGAGCCTGGGGCTGTCCAGTTACCCCAACGGCTACCCCTTCCTCTTCTGGGAGCAGTACATCGGCCTCCGCCACTGG,TTTCATGCAAAGTTCTTCTCTCTTTCCATTGAAACTGTGATGCTCTTCTACCCTGGGCTGCTCCTAACCTGTGCCCTTCTCTGTCCAGTCCCGGCAGCAGAGCCCATCGAGTATGCCCAGTTCCCTTTCTACGTAGACTCAACGGCTTGCGGGACACCTCAGACTTTGTGGAGGCAATTGAAAAAGTAAGGACCATCTGCAGCAACTATACGAGCCTGGGGCTGTCCAGTTACCCCAACGGCTACCCCTTCCTCTTCTGGGAGCAGTACATCGGCCTCCGCCACTGG,137,142,50,50,-87,5,18
SCN5A,delG4CTTCT,True,False,GGCCGTGGGATGGGCTTCTG,AAGCCCATCC,GCCATGAAGAAGCTGGGCTCCAAG,GCTCCAAGAAGCCCATCCCA,0.12000000000000001,TGCCCTCCATGCTGGGGCCTCTGAGAACCCCAGAATGAGGTTGGTGCCTTCTCTTTGCACTTAGGGGGCCAGGACATCTTCATGACAGAGGAGCAGAAGAAGTACTACAATGCCATGAAGAAGCTGGGCTCCA(-AGAAGCCCC)AGAAGCCCATCCCACGGCCCCTGGTGAGCCAGGCTCCTGGTTTTGTGGGAGTGGGGAGGATCTTCTGGGGTCCCTGGGAAGCTTTCGTGCCACATGGCCAGCCATCAGAGCCGCTTCACAGTCTTTCAGCCCAGCCTGAGGGGCACTATC,0,9,0,TGCCCTCCATGCTGGGGCCTCTGAGAACCCCAGAATGAGGTTGGTGCCTTCTCTTTGCACTTAGGGGGCCAGGACATCTTCATGACAGAGGAGCAGAAGAAGTACTACAATGCCATGAAGAAGCTGGGCTCCAAGAAGCCCCAGAAGCCCATCCCACGGCCCCTGGTGAGCCAGGCTCCTGGTTTTGTGGGAGTGGGGAGGATCTTCTGGGGTCCCTGGGAAGCTTTCGTGCCACATGGCCAGCCATCAGAGCCGCTTCACAGTCTTTCAGCCCAGCCTGAGGGGCACTATC,TGCCCTCCATGCTGGGGCCTCTGAGAACCCCAGAATGAGGTTGGTGCCTTCTCTTTGCACTTAGGGGGCCAGGACATCTTCATGACAGAGGAGCAGAAGAAGTACTACAATGCCATGAAGAAGCTGGGCTCCAAGAAGCCCATCCCACGGCCCCTGGTGAGCCAGGCTCCTGGTTTTGTGGGAGTGGGGAGGATCTTCTGGGGTCCCTGGGAAGCTTTCGTGCCACATGGCCAGCCATCAGAGCCGCTTCACAGTCTTTCAGCCCAGCCTGAGGGGCACTATC,144,-1,-1,143,-1,3,21
SERPINA1,delAG,True,True,CCTCCTCTGTGACCCCGGAG,CGGGGTCACAGA,GCAATGGGGCTGACCTC,TCAGCAATGGGGCTGACCTC,0.41333333333333333,GTCCCAGAAGAACAAGAGGAATGCTGTGCCATGCCTTGAATTTCTTTTCTGCACGACAGGTCTGCCAGCTTACATTTACCCAAACTGTCCATTACTGGAACCTATGATCTGAAGAGCGTCCTGGGTCAACTGGGCATCACTAAGGTCTTCAGCAATGGGGCTGACCT(-CT)CCGGGGTCACAGAGGAGGCACCCCTGAAGCTCTCCAAGGTGAGATCACCCTGACGACCTTGTTGCACCCTGGTATCTGTAGGGAAGAATGTGTGGGGGCTGCAGCTCTGTCCTGAGGCTGAGGAAGGGGCCGAGGGAAACAAATGAAGAC,0,2,0,GTCCCAGAAGAACAAGAGGAATGCTGTGCCATGCCTTGAATTTCTTTTCTGCACGACAGGTCTGCCAGCTTACATTTACCCAAACTGTCCATTACTGGAACCTATGATCTGAAGAGCGTCCTGGGTCAACTGGGCATCACTAAGGTCTTCAGCAATGGGGCTGACCTCTCCGGGGTCACAGAGGAGGCACCCCTGAAGCTCTCCAAGGTGAGATCACCCTGACGACCTTGTTGCACCCTGGTATCTGTAGGGAAGAATGTGTGGGGGCTGCAGCTCTGTCCTGAGGCTGAGGAAGGGGCCGAGGGAAACAAATGAAGAC,GTCCCAGAAGAACAAGAGGAATGCTGTGCCATGCCTTGAATTTCTTTTCTGCACGACAGGTCTGCCAGCTTACATTTACCCAAACTGTCCATTACTGGAACCTATGATCTGAAGAGCGTCCTGGGTCAACTGGGCATCACTAAGGTCTTCAGCAATGGGGCTGACCTCCGGGGTCACAGAGGAGGCACCCCTGAAGCTCTCCAAGGTGAGATCACCCTGACGACCTTGTTGCACCCTGGTATCTGTAGGGAAGAATGTGTGGGGGCTGCAGCTCTGTCCTGAGGCTGAGGAAGGGGCCGAGGGAAACAAATGAAGAC,170,168,164,164,-6,2,15
TNNT2,delGAG,True,False,GAGGGCTCGACGAGAGGAGG,CCTCTCGTCGAG,AGCCTTCCTCCTGTTCTCCT,AGGATTGGAAACCCTGATTC,3.143333333333333,AGCACTGTGCTGGGAGCTACCCTCTCAGAAAGCTCCTTGCTGAGCGGAGAGAAAGCTGAACTCACCCATAAAGACCACAAGCTTCAGCCCAGAATCAGGGTTTCCAATCCTTTCCCCTAATTTGCTTTCTTCCTCCCTGCTGTAAATCAGGAAGAGAGGGCTCGACGAGAGGAGGAG(-GAG)AACAGGAGGAAGGCTGAGGATGAGGCCCGGAAGAAGAAGGCTTTGTCCAACATGATGCATTTTGGGGGTTACATCCAGAAGGTAGGTAGGGAGCAGCAGGGGTTGCCAGGAGATCCTAGTATAGCCCTGAGGAATGAGGTGTCCACTGCA,0,3,0,AGCACTGTGCTGGGAGCTACCCTCTCAGAAAGCTCCTTGCTGAGCGGAGAGAAAGCTGAACTCACCCATAAAGACCACAAGCTTCAGCCCAGAATCAGGGTTTCCAATCCTTTCCCCTAATTTGCTTTCTTCCTCCCTGCTGTAAATCAGGAAGAGAGGGCTCGACGAGAGGAGGAGGAGAACAGGAGGAAGGCTGAGGATGAGGCCCGGAAGAAGAAGGCTTTGTCCAACATGATGCATTTTGGGGGTTACATCCAGAAGGTAGGTAGGGAGCAGCAGGGGTTGCCAGGAGATCCTAGTATAGCCCTGAGGAATGAGGTGTCCACTGCA,AGCACTGTGCTGGGAGCTACCCTCTCAGAAAGCTCCTTGCTGAGCGGAGAGAAAGCTGAACTCACCCATAAAGACCACAAGCTTCAGCCCAGAATCAGGGTTTCCAATCCTTTCCCCTAATTTGCTTTCTTCCTCCCTGCTGTAAATCAGGAAGAGAGGGCTCGACGAGAGGAGGAGAACAGGAGGAAGGCTGAGGATGAGGCCCGGAAGAAGAAGGCTTTGTCCAACATGATGCATTTTGGGGGTTACATCCAGAAGGTAGGTAGGGAGCAGCAGGGGTTGCCAGGAGATCCTAGTATAGCCCTGAGGAATGAGGTGTCCACTGCA,171,171,94,94,-77,5,15
TTR,delGTC,False,True,AGTCCCTCATTCCTTGGGAT,CCAAGGAATGAGGGA,TCCACCACGGCTGTCACCAATC,CACGGCTGTCACCAATCCCA,11.086666666666666,GGAAATGGATCTGTCTGTCTTCTCTCATAGGTGGTATTCACAGCCAACGACTCCGGCCCCCGCCGCTACACCATTGCCGCCCTGCTGAGCCCCTACTCCTATTCCACCACGGCTGTC(-GTC)ACCAATCCCAAGGAATGAGGGACTTCTCCTCCAGTGGACCTGAAGGACGAGGGATGGGATTTCATGTAACCAAGAGTATTCCATTTTTACTAAAGCAGTGTTTTCACCTCATATGCTATGTTAGAAGTCCAGGCAGAGACAATAAAACAT,0,3,0,GGAAATGGATCTGTCTGTCTTCTCTCATAGGTGGTATTCACAGCCAACGACTCCGGCCCCCGCCGCTACACCATTGCCGCCCTGCTGAGCCCCTACTCCTATTCCACCACGGCTGTCGTCACCAATCCCAAGGAATGAGGGACTTCTCCTCCAGTGGACCTGAAGGACGAGGGATGGGATTTCATGTAACCAAGAGTATTCCATTTTTACTAAAGCAGTGTTTTCACCTCATATGCTATGTTAGAAGTCCAGGCAGAGACAATAAAACAT,GGAAATGGATCTGTCTGTCTTCTCTCATAGGTGGTATTCACAGCCAACGACTCCGGCCCCCGCCGCTACACCATTGCCGCCCTGCTGAGCCCCTACTCCTATTCCACCACGGCTGTCACCAATCCCAAGGAATGAGGGACTTCTCCTCCAGTGGACCTGAAGGACGAGGGATGGGATTTCATGTAACCAAGAGTATTCCATTTTTACTAAAGCAGTGTTTTCACCTCATATGCTATGTTAGAAGTCCAGGCAGAGACAATAAAACAT,127,124,-1,123,-4,7,15
TTR,delGTC,False,False,AGTCCCTCATTCCTTGGGAT,CCAAGGAATGAGGGA,TCCACCACGGCTGTCACCAATC,GTATTCACAGCCAACGACTC,17.043333333333333,GGAAATGGATCTGTCTGTCTTCTCTCATAGGTGGTATTCACAGCCAACGACTCCGGCCCCCGCCGCTACACCATTGCCGCCCTGCTGAGCCCCTACTCCTATTCCACCACGGCTGTC(-GTC)ACCAATCCCAAGGAATGAGGGACTTCTCCTCCAGTGGACCTGAAGGACGAGGGATGGGATTTCATGTAACCAAGAGTATTCCATTTTTACTAAAGCAGTGTTTTCACCTCATATGCTATGTTAGAAGTCCAGGCAGAGACAATAAAACAT,0,3,0,GGAAATGGATCTGTCTGTCTTCTCTCATAGGTGGTATTCACAGCCAACGACTCCGGCCCCCGCCGCTACACCATTGCCGCCCTGCTGAGCCCCTACTCCTATTCCACCACGGCTGTCGTCACCAATCCCAAGGAATGAGGGACTTCTCCTCCAGTGGACCTGAAGGACGAGGGATGGGATTTCATGTAACCAAGAGTATTCCATTTTTACTAAAGCAGTGTTTTCACCTCATATGCTATGTTAGAAGTCCAGGCAGAGACAATAAAACAT,GGAAATGGATCTGTCTGTCTTCTCTCATAGGTGGTATTCACAGCCAACGACTCCGGCCCCCGCCGCTACACCATTGCCGCCCTGCTGAGCCCCTACTCCTATTCCACCACGGCTGTCACCAATCCCAAGGAATGAGGGACTTCTCCTCCAGTGGACCTGAAGGACGAGGGATGGGATTTCATGTAACCAAGAGTATTCCATTTTTACTAAAGCAGTGTTTTCACCTCATATGCTATGTTAGAAGTCCAGGCAGAGACAATAAAACAT,127,124,49,49,-78,7,15
TTR,delGTC,True,True,AGTCCCTCATTCCTTGGGAT,CCAAGGAATGAGGGA,TCCACCACGGCTGTCACAAATC,CACGGCTGTCACCAATCCCA,13.006666666666666,GGAAATGGATCTGTCTGTCTTCTCTCATAGGTGGTATTCACAGCCAACGACTCCGGCCCCCGCCGCTACACCATTGCCGCCCTGCTGAGCCCCTACTCCTATTCCACCACGGCTGTC(-GTC)ACCAATCCCAAGGAATGAGGGACTTCTCCTCCAGTGGACCTGAAGGACGAGGGATGGGATTTCATGTAACCAAGAGTATTCCATTTTTACTAAAGCAGTGTTTTCACCTCATATGCTATGTTAGAAGTCCAGGCAGAGACAATAAAACAT,0,3,0,GGAAATGGATCTGTCTGTCTTCTCTCATAGGTGGTATTCACAGCCAACGACTCCGGCCCCCGCCGCTACACCATTGCCGCCCTGCTGAGCCCCTACTCCTATTCCACCACGGCTGTCGTCACCAATCCCAAGGAATGAGGGACTTCTCCTCCAGTGGACCTGAAGGACGAGGGATGGGATTTCATGTAACCAAGAGTATTCCATTTTTACTAAAGCAGTGTTTTCACCTCATATGCTATGTTAGAAGTCCAGGCAGAGACAATAAAACAT,GGAAATGGATCTGTCTGTCTTCTCTCATAGGTGGTATTCACAGCCAACGACTCCGGCCCCCGCCGCTACACCATTGCCGCCCTGCTGAGCCCCTACTCCTATTCCACCACGGCTGTCACCAATCCCAAGGAATGAGGGACTTCTCCTCCAGTGGACCTGAAGGACGAGGGATGGGATTTCATGTAACCAAGAGTATTCCATTTTTACTAAAGCAGTGTTTTCACCTCATATGCTATGTTAGAAGTCCAGGCAGAGACAATAAAACAT,127,124,-1,123,-4,7,15
TTR,delGTC,True,False,AGTCCCTCATTCCTTGGGAT,CCAAGGAATGAGGGA,TCCACCACGGCTGTCACAAATC,GTATTCACAGCCAACGACTC,23.80333333333333,GGAAATGGATCTGTCTGTCTTCTCTCATAGGTGGTATTCACAGCCAACGACTCCGGCCCCCGCCGCTACACCATTGCCGCCCTGCTGAGCCCCTACTCCTATTCCACCACGGCTGTC(-GTC)ACCAATCCCAAGGAATGAGGGACTTCTCCTCCAGTGGACCTGAAGGACGAGGGATGGGATTTCATGTAACCAAGAGTATTCCATTTTTACTAAAGCAGTGTTTTCACCTCATATGCTATGTTAGAAGTCCAGGCAGAGACAATAAAACAT,0,3,0,GGAAATGGATCTGTCTGTCTTCTCTCATAGGTGGTATTCACAGCCAACGACTCCGGCCCCCGCCGCTACACCATTGCCGCCCTGCTGAGCCCCTACTCCTATTCCACCACGGCTGTCGTCACCAATCCCAAGGAATGAGGGACTTCTCCTCCAGTGGACCTGAAGGACGAGGGATGGGATTTCATGTAACCAAGAGTATTCCATTTTTACTAAAGCAGTGTTTTCACCTCATATGCTATGTTAGAAGTCCAGGCAGAGACAATAAAACAT,GGAAATGGATCTGTCTGTCTTCTCTCATAGGTGGTATTCACAGCCAACGACTCCGGCCCCCGCCGCTACACCATTGCCGCCCTGCTGAGCCCCTACTCCTATTCCACCACGGCTGTCACCAATCCCAAGGAATGAGGGACTTCTCCTCCAGTGGACCTGAAGGACGAGGGATGGGATTTCATGTAACCAAGAGTATTCCATTTTTACTAAAGCAGTGTTTTCACCTCATATGCTATGTTAGAAGTCCAGGCAGAGACAATAAAACAT,127,124,49,49,-78,7,15
VWF,delG,True,False,GGTGACTCACCATGCCCGGG,GGGCATGGTGAG,GCCTCTGCCCCC,TCTCTGGCTGCCTCTGCCCC,17.673333333333332,AAAAGGAGCCTATCCTGTCGGCCCCCCATGGTCAAGCTGGTGTGTCCCGCTGACAACCTGCGGGCTGAAGGGCTCGAGTGTACCAAAACGTGCCAGAACTATGACCTGGAGTGCATGAGCATGGGCTGTGTCTCTGGCTGCCTCTGCCCCC(-C)GGGCATGGTGAGTCACCAGGCACAGAGCTGGTGCCTGCCCTTCAGTTTTCTTGTAGGCAGGGATGAGTGAGGGGGCTGTGCAGCCAGAGAGAGGAAGAAACAAGGGCTAAACACGGATAGCAATGGAGGTGGTGCTGGTAATGGGGGCAT,0,1,0,AAAAGGAGCCTATCCTGTCGGCCCCCCATGGTCAAGCTGGTGTGTCCCGCTGACAACCTGCGGGCTGAAGGGCTCGAGTGTACCAAAACGTGCCAGAACTATGACCTGGAGTGCATGAGCATGGGCTGTGTCTCTGGCTGCCTCTGCCCCCCGGGCATGGTGAGTCACCAGGCACAGAGCTGGTGCCTGCCCTTCAGTTTTCTTGTAGGCAGGGATGAGTGAGGGGGCTGTGCAGCCAGAGAGAGGAAGAAACAAGGGCTAAACACGGATAGCAATGGAGGTGGTGCTGGTAATGGGGGCAT,AAAAGGAGCCTATCCTGTCGGCCCCCCATGGTCAAGCTGGTGTGTCCCGCTGACAACCTGCGGGCTGAAGGGCTCGAGTGTACCAAAACGTGCCAGAACTATGACCTGGAGTGCATGAGCATGGGCTGTGTCTCTGGCTGCCTCTGCCCCCGGGCATGGTGAGTCACCAGGCACAGAGCTGGTGCCTGCCCTTCAGTTTTCTTGTAGGCAGGGATGAGTGAGGGGGCTGTGCAGCCAGAGAGAGGAAGAAACAAGGGCTAAACACGGATAGCAATGGAGGTGGTGCTGGTAATGGGGGCAT,152,151,146,146,-6,1,11
VWF,delG,True,False,GGTGACTCACCATGCCCGGG,GGGCATGGTGAG,GCCTCTGCCCCC,CTGACAACCTGCGGGCTGAA,17.673333333333332,AAAAGGAGCCTATCCTGTCGGCCCCCCATGGTCAAGCTGGTGTGTCCCGCTGACAACCTGCGGGCTGAAGGGCTCGAGTGTACCAAAACGTGCCAGAACTATGACCTGGAGTGCATGAGCATGGGCTGTGTCTCTGGCTGCCTCTGCCCCC(-C)GGGCATGGTGAGTCACCAGGCACAGAGCTGGTGCCTGCCCTTCAGTTTTCTTGTAGGCAGGGATGAGTGAGGGGGCTGTGCAGCCAGAGAGAGGAAGAAACAAGGGCTAAACACGGATAGCAATGGAGGTGGTGCTGGTAATGGGGGCAT,0,1,0,AAAAGGAGCCTATCCTGTCGGCCCCCCATGGTCAAGCTGGTGTGTCCCGCTGACAACCTGCGGGCTGAAGGGCTCGAGTGTACCAAAACGTGCCAGAACTATGACCTGGAGTGCATGAGCATGGGCTGTGTCTCTGGCTGCCTCTGCCCCCCGGGCATGGTGAGTCACCAGGCACAGAGCTGGTGCCTGCCCTTCAGTTTTCTTGTAGGCAGGGATGAGTGAGGGGGCTGTGCAGCCAGAGAGAGGAAGAAACAAGGGCTAAACACGGATAGCAATGGAGGTGGTGCTGGTAATGGGGGCAT,AAAAGGAGCCTATCCTGTCGGCCCCCCATGGTCAAGCTGGTGTGTCCCGCTGACAACCTGCGGGCTGAAGGGCTCGAGTGTACCAAAACGTGCCAGAACTATGACCTGGAGTGCATGAGCATGGGCTGTGTCTCTGGCTGCCTCTGCCCCCGGGCATGGTGAGTCACCAGGCACAGAGCTGGTGCCTGCCCTTCAGTTTTCTTGTAGGCAGGGATGAGTGAGGGGGCTGTGCAGCCAGAGAGAGGAAGAAACAAGGGCTAAACACGGATAGCAATGGAGGTGGTGCTGGTAATGGGGGCAT,152,151,65,65,-87,1,11
