site	sgRNA	PAM	ext_seq1	ext_seq2	PBS	RTT1	RTT2	ngRNA1	ngRNA2	PrimeDesign_input
TNNT2 - delGAG	GAGGGCTCGACGAGAGGAGG	AGG	AGCCTTCCTCCTGTTCTCCTCCTCTCGTCGAG		CCTCTCGTCGAG	AGCCTTCCTCCTGTTCTCCT		GAGGATTGGAAACCCTGATTC		AGCACTGTGCTGGGAGCTACCCTCTCAGAAAGCTCCTTGCTGAGCGGAGAGAAAGCTGAACTCACCCATAAAGACCACAAGCTTCAGCCCAGAATCAGGGTTTCCAATCCTTTCCCCTAATTTGCTTTCTTCCTCCCTGCTGTAAATCAGGAAGAGAGGGCTCGACGAGAGGAGGAG(-GAG)AACAGGAGGAAGGCTGAGGATGAGGCCCGGAAGAAGAAGGCTTTGTCCAACATGATGCATTTTGGGGGTTACATCCAGAAGGTAGGTAGGGAGCAGCAGGGGTTGCCAGGAGATCCTAGTATAGCCCTGAGGAATGAGGTGTCCACTGCA
MYBPC3  - 25bp del	GAAATAAGGTAAAGAGAGGGA	AGG	AACACAGATGTGTCTCCCTGGGTCCCTGCCAGGTCCCCTCTCTTTACCTTAT		CTCTCTTTACCTTAT	AACACAGATGTGTCTCCCTGGGTCCCTGCCAGGTCCC		GCATAGTCAGGGACTCTCGT		CATAGATGCCCCCGTCAAAGGGGCAGGGCTTTCTAATCTCCAGAGTCAACACTCCCTGCTTGCTGAACATGCGGAAGCGGGCGTCTTCTCCCAGGTCCAGGCCATTCTTGAACCAGGAAATCTTGGGCTATAAATAAGGTAAAGAGAGGG(-AGGGAAGCCATCCAGGCTGAGAGGG)GACCTGGCAGGGACCCAGGGAGACACATCTGTGTTTCTACTCGGGGGGTCCCACGAGAGTCCCTGACTATGCCCAAGGCTGGAAACAAACATGGAACCAAGAGTGAGTACCATGGCCCTGCCCAGGGGGAGGAACCCGGTCCATACACCC
MC4R - delCTCT	GCCTGGCCATCAGGAACATG	TGG	GCTCTCATGGCTTCTATGTCCACATGTTCCTGATGGC		GTTCCTGATGGC	GCTCTCATGGCTTCTATGTCCACAT		GCCGCCAAGGTGCCAATATGA		TACCATAACATTATGACAGTTAAGCGGGTTGGGATCATCATAAGTTGTATCTGGGCAGCTTGCACGGTTTCAGGCATTTTGTTCATCATTTACTCAGATAGTAGTGCTGTCATCATCTGCCTCATCACCATGTTCTTCACCATGCTGGCTCTCATGGCTTCT(-CTCT)ATGTCCACATGTTCCTGATGGCCAGGCTTCACATTAAGAGGATTGCTGTCCTCCCCGGCACTGGTGCCATCCGCCAAGGTGCCAATATGAAGGGAGCGATTACCTTGACCATCCTGATTGGCGTCTTTGTTGTCTGCTGGGCCCCATTCT
SCN5A - delG4CTTCT	GGCCGTGGGATGGGCTTCTG	GGG	GCCATGAAGAAGCTGGGCTCCAAGAAGCCCATCC		AAGCCCATCC	GCCATGAAGAAGCTGGGCTCCAAG		GCTCCAAGAAGCCCATCCCA		TGCCCTCCATGCTGGGGCCTCTGAGAACCCCAGAATGAGGTTGGTGCCTTCTCTTTGCACTTAGGGGGCCAGGACATCTTCATGACAGAGGAGCAGAAGAAGTACTACAATGCCATGAAGAAGCTGGGCTCCA(-AGAAGCCCC)AGAAGCCCATCCCACGGCCCCTGGTGAGCCAGGCTCCTGGTTTTGTGGGAGTGGGGAGGATCTTCTGGGGTCCCTGGGAAGCTTTCGTGCCACATGGCCAGCCATCAGAGCCGCTTCACAGTCTTTCAGCCCAGCCTGAGGGGCACTATC
TTR - delGTC	GAGTCCCTCATTCCTTGGGAT	TGG	TCCACCACGGCTGTCACCAATCCCAAGGAATGAGGGA	TCCACCACGGCTGTCACAAATCCCAAGGAATGAGGGA	CCAAGGAATGAGGGA	TCCACCACGGCTGTCACCAATC	TCCACCACGGCTGTCACAAATC	GCACGGCTGTCACCAATCCCA	GTATTCACAGCCAACGACTC	GGAAATGGATCTGTCTGTCTTCTCTCATAGGTGGTATTCACAGCCAACGACTCCGGCCCCCGCCGCTACACCATTGCCGCCCTGCTGAGCCCCTACTCCTATTCCACCACGGCTGTC(-GTC)ACCAATCCCAAGGAATGAGGGACTTCTCCTCCAGTGGACCTGAAGGACGAGGGATGGGATTTCATGTAACCAAGAGTATTCCATTTTTACTAAAGCAGTGTTTTCACCTCATATGCTATGTTAGAAGTCCAGGCAGAGACAATAAAACAT
CFH - 24bp del	GAACATGTTGGGATGGGAAAC	TGG	ACTAAAGTTCTGAATAAAGGTGTGCACTTTATGATTGATACTCCAGTTTCCCATCCC	ACTAAAGTTCTGAATAAAGGTGTGCACTTTATGATTGATACTCGAGTTTCCCATCCC	TCCCATCCC	ACTAAAGTTCTGAATAAAGGTGTGCACTTTATGATTGATACTCCAGTT	ACTAAAGTTCTGAATAAAGGTGTGCACTTTATGATTGATACTCGAGTT	GAATACTAAAGTTCTGAATAA		CCGTGTGTAATATCCCGAGAAATTATGGAAAATTATAACATAGCATTAAGGTGGACAGCCAAACAGAAGCTTTATTCGAGAACAGGTGAATCAGTTGAATTTGTGTGTAAACGGGGATATCGTCTTTCATCACGTTCTCACACATTGCGAACAACATGTTGGGATGGGAAACTGGAGTATC(-CAACTTGTGCAAAAAGATAGAATC)AATCATAAAGTGCACACCTTTATTCAGAACTTTAGTATTAAATCAGTTCTCAATTTCATTTTTTATGTATTGTTTTACTCCTTTTTATTCATACGTAAAATTTTGGATTAATTTGTGAAAATGTAATTATAAGCTGAGACCGGTGGCTCT
GATA2 - delTGT	GTTTCGGCGCCATAAGGTGG	TGG	GCAAATTGTCAGACGACCACCACCTTATGGCGCC	GCAAATTGTCAGACGACAACCACCTTATGGCGCC	CCTTATGGCGCC	GCAAATTGTCAGACGACCACCA	GCAAATTGTCAGACGACAACCA	GTCAGACGACCACCACCTTA	GCGCTGCCTTGCCCTCCCAGT	GGGAGGGGGGTCGAGGTGGGCGTGGGAGTCCAGCCTGCTGACGCTGCCTTGCCCTCCCAGTCGGCCGCCAGAAGAGCCGGCACCTGTTGTGCAAATTGTCAGACG(-ACA)ACCACCACCTTATGGCGCCGAAACGCCAACGGGGACCCTGTCTGCAACGCCTGTGGCCTCTACTACAAGCTGCACAATGTGAGTGCGCCCCGCCCCGGCCACCCCGCCCCTCCCAGGGGACCTCTGCGCTTTGTGCTGCCAGGCAAGAGG
GLA - del(CAGC)2CCATG	GATTGGCAAGGACGCCTACCA	TGG	GGTTGCACATGAAGCGCTCCCAGTGGTAGGCGTCCTTG		TAGGCGTCCTTG	GGTTGCACATGAAGCGCTCCCAGTGG		GCATGAAGCGCTCCCAGTGGT	GCAATATCTGATACCTGATGC	ATGCAGCTGAGGAACCCAGAACTACATCTGGGCTGCGCGCTTGCGCTTCGCTTCCTGGCCCTCGTTTCCTGGGACATCCCTGGGGCTAGAGCACTGGACAATGGATTGGCAAGGACGCCTAC(-CATGGGCTGGCTG)CACTGGGAGCGCTTCATGTGCAACCTTGACTGCCAGGAAGAGCCAGATTCCTGCATCAGGTATCAGATATTGGGTACTCCCTTCCCTTTGCTTTTCCATGTGTTTGGGTGTGTTTGGGGAACTGGAGAGTCTCAACGGGAACAGTTGAGC
PTCH1 - insTCTAC	GAGGTGTCCCGCAAGCCGTTG	AGG	GCCCAGTTCCCTTTCTACGTAGACTCAACGGCTTGCGG		CGGCTTGCGG	GCCCAGTTCCCTTTCTACGTAGACTCAA		GCCCTTTCTACgtagaCTCAA	GCTGTGATGCTCTTCTACCCT	TTTCATGCAAAGTTCTTCTCTCTTTCCATTGAAACTGTGATGCTCTTCTACCCTGGGCTGCTCCTAACCTGTGCCCTTCTCTGTCCAGTCCCGGCAGCAGAGCCCATCGAGTATGCCCAGTTCCCTTTCTAC(+GTAGA)CTCAACGGCTTGCGGGACACCTCAGACTTTGTGGAGGCAATTGAAAAAGTAAGGACCATCTGCAGCAACTATACGAGCCTGGGGCTGTCCAGTTACCCCAACGGCTACCCCTTCCTCTTCTGGGAGCAGTACATCGGCCTCCGCCACTGG
HMBS - dup 	GCCCTACCAGGTGCCTCAGGA	AGG	TGCTGCACGATCCCGAGACTTTCGCTGCATCGCTGAAAGGGCCTTCCTGAGGCACCTGG		TGAGGCACCTGG	TGCTGCACGATCCCGAGACTTTCGCTGCATCGCTGAAAGGGCCTTCC		GACTttcgctgcATCGCTGAA		TGGGGAGCAAGTAGATAGAGGTGGTCCCATGCTTTGCGCCATTGGTTGGGGAAAGATCAGGCCTGATGTCCTAGGATGTTTTTCCATCAGGGGGCCTTGGGCGTGGAAGTGCGAGCCAAGGACCAGGACATCTTGGATCTGGTGGGTGTGCTGCACGATCCCGAGACT(+TTCGCTGC)ATCGCTGAAAGGGCCTTCCTGAGGCACCTGGTAGGGCCTGTGCTCCACCTGTGGAGGGCTGGGGACTTGGAGAGCTGGGAAAGGTGGCAGGGAAGATTTCTTACATGAATGCTCTGTATACAGTGCTAACTCATTCTTGTTGAATGTTGT
PKD1 - indel	GCCCAGAGCTGGGGCCCCCA	CGG	GCCCTGCCAGCTCACCTTCCTGCAGCCGTGGGGGCCCCA	GCCCTGCCAGCTCACCTTCCTGCAGTCTTGGGGGCCCCA	GGGCCCCA	GCCCTGCCAGCTCACCTTCCTGCAGCCGTGG	GCCCTGCCAGCTCACCTTCCTGCAGTCTTGG	GAGCTCACCTTCCTGCAGCCG		CTCACTCGAGGCGGGCATGGGGCAGTAGGGGCTGGAGCGTGTGACTGATGCTGTGGCAGGTCTGAGGAGCTCTGGCCATGGATGGCCCACGTGCTGCTGCCCTACGTCCACGGGAACCAGTCCAGCCCAGAGCTGGGGCCCCCA(-CGGCTGCGGCAGGTG)CGGCTGCAGGAAGGTGAGCTGGCAGGGCGTGCCCCAAGACTTAAATCGTTCCTCTTGTTGAGAGAGCAGCCTTTAGCGGAGCTCTGGCATCAGCCCTGCTCCCTAGCTGTGTGACCTTTGCCCTCTTAACACCGCCGTTTCCTTCTCTGT
SERPINA1 - delAG	GCCTCCTCTGTGACCCCGGAG	AGG	GCAATGGGGCTGACCTCCGGGGTCACAGA		CGGGGTCACAGA	GCAATGGGGCTGACCTC		GTCAGCAATGGGGCTGACCTC		GTCCCAGAAGAACAAGAGGAATGCTGTGCCATGCCTTGAATTTCTTTTCTGCACGACAGGTCTGCCAGCTTACATTTACCCAAACTGTCCATTACTGGAACCTATGATCTGAAGAGCGTCCTGGGTCAACTGGGCATCACTAAGGTCTTCAGCAATGGGGCTGACCT(-CT)CCGGGGTCACAGAGGAGGCACCCCTGAAGCTCTCCAAGGTGAGATCACCCTGACGACCTTGTTGCACCCTGGTATCTGTAGGGAAGAATGTGTGGGGGCTGCAGCTCTGTCCTGAGGCTGAGGAAGGGGCCGAGGGAAACAAATGAAGAC
PAH - delATG	GTATGAATTTTTCACCCATT	TGG	GCCTCAAGATCTTGATGTTTGTCAGAGCAGGCAGGCTACGTTTATCCAAATGGGTGAAAAATTCATA		GGGTGAAAAATTCATA	GCCTCAAGATCTTGATGTTTGTCAGAGCAGGCAGGCTACGTTTATCCAAAT		GATCTTGATGTTTGTCAGAGC		ATCTTTGGCCTGCGTTAGTTCCAGTGACTGTCTCCTCACCCTCCCCATTCTCTCTTCTAGGAGAATGATGTAAACCTGACCCACATTGAATCTAGACCTTCTCGTTTAAAGAAAGATGAGTATGAATTTTTCACCCATTTGGATAAACGTAGCCTGCCTGCTCTGACAAA(-CAT)CATCAAGATCTTGAGGCATGACATTGGTGCCACTGTCCATGAGCTTTCACGAGATAAGAAGAAAGACACAGGTAAGAATTAGAGGAATTTTGCAACATAAGTAACTCCACACTGTCTTCATAAAATAACAGCAATATACATATTTAACAG
VWF - delG 	GGTGACTCACCATGCCCGGG	GGG	GCCTCTGCCCCCGGGCATGGTGAG		GGGCATGGTGAG	GCCTCTGCCCCC		GTCTCTGGCTGCCTCTGCCCC	GCTGACAACCTGCGGGCTGAA	AAAAGGAGCCTATCCTGTCGGCCCCCCATGGTCAAGCTGGTGTGTCCCGCTGACAACCTGCGGGCTGAAGGGCTCGAGTGTACCAAAACGTGCCAGAACTATGACCTGGAGTGCATGAGCATGGGCTGTGTCTCTGGCTGCCTCTGCCCCC(-C)GGGCATGGTGAGTCACCAGGCACAGAGCTGGTGCCTGCCCTTCAGTTTTCTTGTAGGCAGGGATGAGTGAGGGGGCTGTGCAGCCAGAGAGAGGAAGAAACAAGGGCTAAACACGGATAGCAATGGAGGTGGTGCTGGTAATGGGGGCAT
DMD - delG	GACTACGAGGCTGGCTCAGGG	GGG	GGACTCCCCCTGAGCCAGCC		TGAGCCAGCC	GGACTCCCCC		GAGAATCCTAGCAGATCTTG		TTTCTATTTTCAAATACACTCCTGAGTCCCTAACCCCCAAAGCAAAATAAGGGGGGGAAAAAACCAAAACCTTTGATTTTATTTTCCAGAGATGATGAACATTTGTTAATCCAGCATTACTGCCAAAGTTTGAACCAGGACTCCCCC(-C)TGAGCCAGCCTCGTAGTCCTGCCCAGATCTTGATTTCCTTAGAGAGTGAGGAAAGAGGGGAGCTAGAGAGAATCCTAGCAGATCTTGAGGAAGAAAACAGGTGAGTTTTCTTTCTAGCTTTGTCATTGGTATGCAGAGTGCATACACTTG
PSEN1 - C>T	GAAAGAGCATGATCACATGCT	TGG	AAATATGGCGTCAAGCATGTGATCATGCTCT		ATGTGATCATGCTCT	AAATATGGCGTCAAGC		GTTATCTAATGGACGACCCCA		AATGACAATAGAGAACGGCAGGAGCACAACGACAGACGGAGCCTTGGCCACCCTGAGCCATTATCTAATGGACGACCCCAGGGTAACTCCCGGCAGGTGGTGGAGCAAGATGAGGAAGAAGATGAGGAGCTGACATTGAAATATGGCG(C/T)CAAGCATGTGATCATGCTCTTTGTCCCTGTGACTCTCTGCATGGTGGTGGTCGTGGCTACCATTAAGTCAGTCAGCTTTTATACCCGGAAGGATGGGCAGCTGTACGTATGAGTTTTGTTTTATTATTCTCAAAGCCAGTGTGGCTTTTC
IDUA - G>A	GCCGCAGATGAGGAGCAGCTC	TGG	ACACTTCGGCCTAGAGCTGCTCCTCATC		CTGCTCCTCATC	ACACTTCGGCCTAGAG		GtAGAGCTGCTCCTCATCTGC	GGCCGGGCCCTGGGGGCGGT	CGCGCTTCCCGGGGTCGGCCTCCGCGTGGCGGGGCCTGGGGACTCCTTCACCAAGGGGAGGGGGAGCGAGTGGTGGGAGGCCCGGCCCTGGGTCGGGGGGCGGCTGGGCAACGACCCCACGCGGCGACGGCCCCCCCCCGCCCCGCAGATGAGGAGCAGCTCT(G/A)GGCCGAAGTGTCGCAGGCCGGGACCGTCCTGGACAGCAACCACACGGTGGGCGTCCTGGCCAGCGCCCACCGCCCCCAGGGCCCGGCCGACGCCTGGCGCGCCGCGGTGCTGATCTACGCGAGCGACGACACCCGCGCCCACCCCAACCG
IDS - G>A 	GACTGAGGGATGTCTGAAGGC	CGG	GCCAGTATCCCTGGCCTTCAGACATCCCT		TTCAGACATCCCT	GCCAGTATCCCTGGCC		GCATTTTCGATTCCGTGACT		GGACTGCAGGTTCCACCTCGCTGCCCCGTTCCTTCATTTCACGTTGAGCTGTGCAGAGAAGGCAAGAACCTTCTGAAGCATTTTCGATTCCGTGACTTGGAAGAGGATCCGTACCTCCCTGGTAATCCCCGTGAACTGATTGCCTATAGCCAGTATCCC(C/T)GGCCTTCAGACATCCCTCAGTGGAATTCTGACAAGCCGAGTTTAAAAGATATAAAGATCATGGGCTATTCCATACGCACCATAGACTATAGGTATACTGTGTGGGTTGGCTTCAATCCTGATGAATTTCTAGCTAACTTTTCTGACATCC
ATP7B - delG	GCCAGCAATACCTTTTTCTGC	GGG	GCAGCCTTCCGCAGAAAAAGGTATTGCTG		GAAAAAGGTATTGCTG	GCAGCCTTCCGCA		GTCCGCAGAAAAAGGTATTGC		GAACTTGGAACAGAGACCTTGGGATACTGCACGGACTTCCAGGCAGTGCCAGGCTGTGGAATTGGGTGCAAAGTCAGCAACGTGGAAGGCATCCTGGCCCACAGTGAGCGCCCTTTGAGTGCACCGGCCAGTCACCTGAATGAGGCTGGCAGCCTTCC(-C)GCAGAAAAAGGTATTGCTGGCTTTTGTCTCTGCAGCTGGTTAAAAGTAGAGGTGGGTCAAACCACAGAGAGCACCACGCCCAGCAGTGATTGCCTCTGCTGTGCGGCAGACGGTTCATGGCTAAGGCACCCAAGCCTGCCTCCCCACACC
LDLR - T>A	GCGCGGCGGGGACTGCAGGTA	AGG	AGCAAGCCTTTCCTGCAGTCCC		CTGCAGTCCC	AGCAAGCCTTTC		GCTTTCCTGCAGTCCCCGCCG	GCCATGCTCGCAGCCTCTGCC	CCGAGTGCAATCGCGGGAAGCCAGGGTTTCCAGCTAGGACACAGCAGGTCGTGATCCGGGTCGGGACACTGCCTGGCAGAGGCTGCGAGCATGGGGCCCTGGGGCTGGAAATTGCGCTGGACCGTCGCCTTGCTCCTCGCCGCGGCGGGGACTGCAGG(T/A)AAGGCTTGCTCCAGGCGCCAGAATAGGTTGAGAGGGAGCCCCCGGGGGGCCCTTGGGAATTTATTTTTTTGGGTACAAATAATCACTCCATCCCTGGGAGACTTGTGGGGTAATGGCACGGGGTCCTTCCCAAACGGCTGGAGGGGGCGC

