sample_ID,CHROM,POS,REF,ALT,type,seq,chr,start,end,strand,predicted_efficiency
chr6_109611897_chr6_109611869_109611889_CTGGGACCCCTGCGGCCTCT_candidate_248,chr6,109611897,T,TGGCCCC,nick-gRNA,GCCGGGGTCAGAGCTGAAAC,chr6,109611934,109611954,-,56.857317907993824
chr6_109611897_chr6_109611869_109611889_CTGGGACCCCTGCGGCCTCT_candidate_248,chr6,109611897,T,TGGCCCC,RTS,CCGAGTCAGAGGGGAAGCCGGGGCCGGGGCCGGGGCCAGGCTCCAAGA,chr6,109611886,109611928,-,56.857317907993824
chr6_109611897_chr6_109611869_109611889_CTGGGACCCCTGCGGCCTCT_candidate_248,chr6,109611897,T,TGGCCCC,sgRNA,CTGGGACCCCTGCGGCCTCT,chr6,109611869,109611889,+,56.857317907993824
chr6_109611897_chr6_109611869_109611889_CTGGGACCCCTGCGGCCTCT_candidate_248,chr6,109611897,T,TGGCCCC,PBS,GGCCGCAGGGGTCC,chr6,109611872,109611886,-,56.857317907993824
rs9901219_chr17_37558372_37558392_GAAGGATGCGGGTGCCTTAC_candidate_106,chr17,37558369,T,G,sgRNA,GAAGGATGCGGGTGCCTTAC,chr17,37558372,37558392,-,50.14249272606457
rs9901219_chr17_37558372_37558392_GAAGGATGCGGGTGCCTTAC_candidate_106,chr17,37558369,T,G,nick-gRNA,TCCTCCCTCCGCGGGCAAAC,chr17,37558275,37558295,+,50.14249272606457
rs9901219_chr17_37558372_37558392_GAAGGATGCGGGTGCCTTAC_candidate_106,chr17,37558369,T,G,RTS,GCCCGTCGCCCCTCGTCACTTGTTCCCCAGGAGCCTGTA,chr17,37558336,37558375,+,50.14249272606457
rs9901219_chr17_37558372_37558392_GAAGGATGCGGGTGCCTTAC_candidate_106,chr17,37558369,T,G,PBS,AGGCACCCGCATCC,chr17,37558375,37558389,+,50.14249272606457
rs7767676_chr6_16252481_16252501_AAAAAATAAAAGAAGTTAGA_candidate_11,chr6,16252479,C,T,sgRNA,AAAAAATAAAAGAAGTTAGA,chr6,16252481,16252501,-,48.619955377283404
rs7767676_chr6_16252481_16252501_AAAAAATAAAAGAAGTTAGA_candidate_11,chr6,16252479,C,T,PBS,AACTTCTT,chr6,16252484,16252492,+,48.619955377283404
rs7767676_chr6_16252481_16252501_AAAAAATAAAAGAAGTTAGA_candidate_11,chr6,16252479,C,T,RTS,TGTCTTTTTCTCAGACCTTCCTCT,chr6,16252460,16252484,+,48.619955377283404
rs7767676_chr6_16252481_16252501_AAAAAATAAAAGAAGTTAGA_candidate_11,chr6,16252479,C,T,nick-gRNA,TTTTTCCCTATAATAAGTTT,chr6,16252420,16252440,+,48.619955377283404
rs13191314_chr6_27691141_27691161_TTGCCCAGGCTGGAGTGCAA_candidate_128,chr6,27691171,C,A,PBS,CACTCCAGCCTG,chr6,27691146,27691158,-,48.38761547533976
rs13191314_chr6_27691141_27691161_TTGCCCAGGCTGGAGTGCAA_candidate_128,chr6,27691171,C,A,RTS,GCTGATATCGCGCCATTG,chr6,27691158,27691176,-,48.38761547533976
rs13191314_chr6_27691141_27691161_TTGCCCAGGCTGGAGTGCAA_candidate_128,chr6,27691171,C,A,sgRNA,TTGCCCAGGCTGGAGTGCAA,chr6,27691141,27691161,+,48.38761547533976
rs13191314_chr6_27691141_27691161_TTGCCCAGGCTGGAGTGCAA_candidate_128,chr6,27691171,C,A,nick-gRNA,TGTAATCCCAGCTACTCGGG,chr6,27691226,27691246,-,48.38761547533976
rs737092_chr20_55990370_55990390_TACCTCCTGGGCCTCCCGCA_candidate_162,chr20,55990405,T,C,sgRNA,TACCTCCTGGGCCTCCCGCA,chr20,55990370,55990390,+,46.35911413703138
rs737092_chr20_55990370_55990390_TACCTCCTGGGCCTCCCGCA_candidate_162,chr20,55990405,T,C,RTS,CAGGGCAACGGGGCTGATAAGCAGAGCCAGGCACTTATCGGCCCCTGC,chr20,55990387,55990435,-,46.35911413703138
rs737092_chr20_55990370_55990390_TACCTCCTGGGCCTCCCGCA_candidate_162,chr20,55990405,T,C,nick-gRNA,TGCACCCCAATGTGTACACC,chr20,55990456,55990476,-,46.35911413703138
rs737092_chr20_55990370_55990390_TACCTCCTGGGCCTCCCGCA_candidate_162,chr20,55990405,T,C,PBS,GGGAGGCCCAGG,chr20,55990375,55990387,-,46.35911413703138
rs4490057_chr17_76375061_76375081_CCTTCTTGAGGGAGGGTGGG_candidate_145,chr17,76375095,A,G,nick-gRNA,CAACAAGCACGGTGTAGACG,chr17,76375152,76375172,-,46.16222198939093
rs4490057_chr17_76375061_76375081_CCTTCTTGAGGGAGGGTGGG_candidate_145,chr17,76375095,A,G,PBS,ACCCTCCCTCAA,chr17,76375066,76375078,-,46.16222198939093
rs4490057_chr17_76375061_76375081_CCTTCTTGAGGGAGGGTGGG_candidate_145,chr17,76375095,A,G,sgRNA,CCTTCTTGAGGGAGGGTGGG,chr17,76375061,76375081,+,46.16222198939093
rs4490057_chr17_76375061_76375081_CCTTCTTGAGGGAGGGTGGG_candidate_145,chr17,76375095,A,G,RTS,GGCTGGACCCGGCCGATAACGGAGCACGAGCCGCCC,chr17,76375078,76375114,-,46.16222198939093
rs144405020_chr14_103835174_103835194_CCCAGCTACTCGGGAGGCTG_candidate_190,chr14,103835159,T,C,nick-gRNA,AAGGTGTCACTCCGTCGCCC,chr14,103835081,103835101,+,44.728070203499136
rs144405020_chr14_103835174_103835194_CCCAGCTACTCGGGAGGCTG_candidate_190,chr14,103835159,T,C,sgRNA,CCCAGCTACTCGGGAGGCTG,chr14,103835174,103835194,-,44.728070203499136
rs144405020_chr14_103835174_103835194_CCCAGCTACTCGGGAGGCTG_candidate_190,chr14,103835159,T,C,PBS,CCTCCCGAGTAGCT,chr14,103835177,103835191,+,44.728070203499136
rs144405020_chr14_103835174_103835194_CCCAGCTACTCGGGAGGCTG_candidate_190,chr14,103835159,T,C,RTS,TCAAGCTCCGCCTCCCAGGTTCACGCCATTCTTCTGCCTCAG,chr14,103835135,103835177,+,44.728070203499136
rs3785098_chr16_67993619_67993639_GGACAGTGTGGGAAAGGGCA_candidate_268,chr16,67993643,T,C,RTS,AGGTTATTTGGGGATGCAGAAAGCATTTCCGGCCCGCCCTGC,chr16,67993636,67993678,-,44.35772061722315
rs3785098_chr16_67993619_67993639_GGACAGTGTGGGAAAGGGCA_candidate_268,chr16,67993643,T,C,PBS,CCTTTCCCACACTG,chr16,67993622,67993636,-,44.35772061722315
rs3785098_chr16_67993619_67993639_GGACAGTGTGGGAAAGGGCA_candidate_268,chr16,67993643,T,C,sgRNA,GGACAGTGTGGGAAAGGGCA,chr16,67993619,67993639,+,44.35772061722315
rs3785098_chr16_67993619_67993639_GGACAGTGTGGGAAAGGGCA_candidate_268,chr16,67993643,T,C,nick-gRNA,AGCTGCTCCAGCTCCAGCAC,chr16,67993706,67993726,-,44.35772061722315
rs3821710_chr3_141301428_141301448_AGTCTGTTCCTGATCTACTC_candidate_229,chr3,141301451,G,A,PBS,TAGATCAGGAACAG,chr3,141301431,141301445,-,43.99029828866032
rs3821710_chr3_141301428_141301448_AGTCTGTTCCTGATCTACTC_candidate_229,chr3,141301451,G,A,sgRNA,AGTCTGTTCCTGATCTACTC,chr3,141301428,141301448,+,43.99029828866032
rs3821710_chr3_141301428_141301448_AGTCTGTTCCTGATCTACTC_candidate_229,chr3,141301451,G,A,nick-gRNA,AAAATACCCTATGTCAGCTT,chr3,141301521,141301541,-,43.99029828866032
rs3821710_chr3_141301428_141301448_AGTCTGTTCCTGATCTACTC_candidate_229,chr3,141301451,G,A,RTS,TGAGTGGGTGACTCAGAG,chr3,141301445,141301463,-,43.99029828866032
rs8108621_chr19_33183307_33183327_GGCCCGGGTGCTGGGCCTGG_candidate_149,chr19,33183291,G,A,nick-gRNA,CGTGCGGGAGGCCTTTGAGG,chr19,33183249,33183269,+,40.996566471070686
rs8108621_chr19_33183307_33183327_GGCCCGGGTGCTGGGCCTGG_candidate_149,chr19,33183291,G,A,sgRNA,GGCCCGGGTGCTGGGCCTGG,chr19,33183307,33183327,-,40.996566471070686
rs8108621_chr19_33183307_33183327_GGCCCGGGTGCTGGGCCTGG_candidate_149,chr19,33183291,G,A,PBS,GGCCCAGCACCC,chr19,33183310,33183322,+,40.996566471070686
rs8108621_chr19_33183307_33183327_GGCCCGGGTGCTGGGCCTGG_candidate_149,chr19,33183291,G,A,RTS,TTTGAGGAGGCGGGCGTGCTGCTGCTGCAGCCCAGGACTTCCCCACCA,chr19,33183262,33183310,+,40.996566471070686
rs55935819_chr12_2521545_2521565_CCTGGATCTTTTGAGATCAT_candidate_208,chr12,2521579,G,A,RTS,TTAAGCAGCCAGGTCTGCTGGGCACTGCCCCTTATCCCCATG,chr12,2521562,2521604,-,40.747952661823504
rs55935819_chr12_2521545_2521565_CCTGGATCTTTTGAGATCAT_candidate_208,chr12,2521579,G,A,PBS,ATCTCAAAAGATCC,chr12,2521548,2521562,-,40.747952661823504
rs55935819_chr12_2521545_2521565_CCTGGATCTTTTGAGATCAT_candidate_208,chr12,2521579,G,A,sgRNA,CCTGGATCTTTTGAGATCAT,chr12,2521545,2521565,+,40.747952661823504
rs55935819_chr12_2521545_2521565_CCTGGATCTTTTGAGATCAT_candidate_208,chr12,2521579,G,A,nick-gRNA,CTGTCTCACTGCTGGGCTCC,chr12,2521642,2521662,-,40.747952661823504
rs13034231_chr2_60677982_60678002_CCCAGGATGGCCTTTGGTAA_candidate_219,chr2,60677968,C,A,sgRNA,CCCAGGATGGCCTTTGGTAA,chr2,60677982,60678002,-,39.999781633943904
rs13034231_chr2_60677982_60678002_CCCAGGATGGCCTTTGGTAA_candidate_219,chr2,60677968,C,A,PBS,CCAAAGGCCATCCT,chr2,60677985,60677999,+,39.999781633943904
rs13034231_chr2_60677982_60678002_CCCAGGATGGCCTTTGGTAA_candidate_219,chr2,60677968,C,A,RTS,TCAGTGCACACATCTGTTGGTAGGAAGAGGAAACTCTGCATGCCTTTA,chr2,60677937,60677985,+,39.999781633943904
rs13034231_chr2_60677982_60678002_CCCAGGATGGCCTTTGGTAA_candidate_219,chr2,60677968,C,A,nick-gRNA,GGGGAAAGGTGATGGCAAGG,chr2,60677898,60677918,+,39.999781633943904
rs6507680_chr18_43766960_43766980_CAGACATGCGTCATCATGAC_candidate_279,chr18,43766986,A,C,PBS,ATGATGACGCATGT,chr18,43766963,43766977,-,39.82594058932068
rs6507680_chr18_43766960_43766980_CAGACATGCGTCATCATGAC_candidate_279,chr18,43766986,A,C,RTS,CAACATGGAGAAACCCCGTCTCTAACAAAAACACAAAATGTGCCAGTC,chr18,43766977,43767025,-,39.82594058932068
rs6507680_chr18_43766960_43766980_CAGACATGCGTCATCATGAC_candidate_279,chr18,43766986,A,C,nick-gRNA,CTTTGGGAGGCCAAGGCGGG,chr18,43767063,43767083,-,39.82594058932068
rs6507680_chr18_43766960_43766980_CAGACATGCGTCATCATGAC_candidate_279,chr18,43766986,A,C,sgRNA,CAGACATGCGTCATCATGAC,chr18,43766960,43766980,+,39.82594058932068
rs1638564_chr11_67223934_67223954_AACTACGCAGGCTGCCCGGG_candidate_215,chr11,67223920,C,G,nick-gRNA,GGGCTACATGCCCACCGAGA,chr11,67223854,67223874,+,39.54174136215949
rs1638564_chr11_67223934_67223954_AACTACGCAGGCTGCCCGGG_candidate_215,chr11,67223920,C,G,RTS,CGCAGCACATCAAGATGCGCAGTCAGTGAGGGAGCCCGCCCGCCC,chr11,67223892,67223937,+,39.54174136215949
rs1638564_chr11_67223934_67223954_AACTACGCAGGCTGCCCGGG_candidate_215,chr11,67223920,C,G,PBS,GGGCAGCCTGCGTA,chr11,67223937,67223951,+,39.54174136215949
rs1638564_chr11_67223934_67223954_AACTACGCAGGCTGCCCGGG_candidate_215,chr11,67223920,C,G,sgRNA,AACTACGCAGGCTGCCCGGG,chr11,67223934,67223954,-,39.54174136215949
rs760369_chr19_4449250_4449270_ACGAGGGCGGGTGAACAGAA_candidate_200,chr19,4449287,T,C,PBS,TGTTCACCCGCCCT,chr19,4449253,4449267,-,39.41918227574283
rs760369_chr19_4449250_4449270_ACGAGGGCGGGTGAACAGAA_candidate_200,chr19,4449287,T,C,nick-gRNA,GCTGTGCAGTTGAGGGTGGG,chr19,4449340,4449360,-,39.41918227574283
rs760369_chr19_4449250_4449270_ACGAGGGCGGGTGAACAGAA_candidate_200,chr19,4449287,T,C,RTS,CCTGGGCAGGTGGCCCGAATCCTGACACGTGGCCCTGGGCTGCCCTTC,chr19,4449267,4449315,-,39.41918227574283
rs760369_chr19_4449250_4449270_ACGAGGGCGGGTGAACAGAA_candidate_200,chr19,4449287,T,C,sgRNA,ACGAGGGCGGGTGAACAGAA,chr19,4449250,4449270,+,39.41918227574283
rs7123861_chr11_8892300_8892320_GCGGCTACTGACCGCCCGGG_candidate_147,chr11,8892323,G,A,RTS,GTCCGCTCTCCC,chr11,8892317,8892329,-,39.37102024300717
rs7123861_chr11_8892300_8892320_GCGGCTACTGACCGCCCGGG_candidate_147,chr11,8892323,G,A,nick-gRNA,AGCTCCGTGAGTACGCGCGT,chr11,8892367,8892387,-,39.37102024300717
rs7123861_chr11_8892300_8892320_GCGGCTACTGACCGCCCGGG_candidate_147,chr11,8892323,G,A,PBS,GGGCGGTCAGTA,chr11,8892305,8892317,-,39.37102024300717
rs7123861_chr11_8892300_8892320_GCGGCTACTGACCGCCCGGG_candidate_147,chr11,8892323,G,A,sgRNA,GCGGCTACTGACCGCCCGGG,chr11,8892300,8892320,+,39.37102024300717
rs149390076_chr10_46096880_46096900_CCAAGTGGTCTGTTTTGACA_candidate_226,chr10,46096871,A,G,PBS,CAAAACAGACCACT,chr10,46096883,46096897,+,37.965800069611284
rs149390076_chr10_46096880_46096900_CCAAGTGGTCTGTTTTGACA_candidate_226,chr10,46096871,A,G,sgRNA,CCAAGTGGTCTGTTTTGACA,chr10,46096880,46096900,-,37.965800069611284
rs149390076_chr10_46096880_46096900_CCAAGTGGTCTGTTTTGACA_candidate_226,chr10,46096871,A,G,nick-gRNA,GAACTTTTGTGTCTAGCTCA,chr10,46096832,46096852,+,37.965800069611284
rs149390076_chr10_46096880_46096900_CCAAGTGGTCTGTTTTGACA_candidate_226,chr10,46096871,A,G,RTS,TGTCTAGCTCAGGGATTGTAAACGCAACAGTCAGTGCCCTGT,chr10,46096841,46096883,+,37.965800069611284
rs1175550_chr1_3691493_3691513_AGGAGGGGGACAGTTATCAG_candidate_218,chr1,3691528,A,G,PBS,ATAACTGTCCCCCT,chr1,3691496,3691510,-,37.894362581275615
rs1175550_chr1_3691493_3691513_AGGAGGGGGACAGTTATCAG_candidate_218,chr1,3691528,A,G,sgRNA,AGGAGGGGGACAGTTATCAG,chr1,3691493,3691513,+,37.894362581275615
rs1175550_chr1_3691493_3691513_AGGAGGGGGACAGTTATCAG_candidate_218,chr1,3691528,A,G,RTS,CCCTCAAGAGACGAGGACATTGTGGCCCAACCTAGGCTGCAGCCCCTG,chr1,3691510,3691558,-,37.894362581275615
rs1175550_chr1_3691493_3691513_AGGAGGGGGACAGTTATCAG_candidate_218,chr1,3691528,A,G,nick-gRNA,CTCCAGGAGCCTCCCTTCCC,chr1,3691593,3691613,-,37.894362581275615
rs2269907_chr17_42294192_42294212_CTGAAGGCACAGACAAGATA_candidate_65,chr17,42294215,G,A,RTS,GCCCTGATCCAATATGGCCACAGTTTCCTTAGGGCTGAGTCATAT,chr17,42294209,42294254,-,37.783278166324344
rs2269907_chr17_42294192_42294212_CTGAAGGCACAGACAAGATA_candidate_65,chr17,42294215,G,A,nick-gRNA,GAGTTCGAGCCTGGCTTTCT,chr17,42294284,42294304,-,37.783278166324344
rs2269907_chr17_42294192_42294212_CTGAAGGCACAGACAAGATA_candidate_65,chr17,42294215,G,A,sgRNA,CTGAAGGCACAGACAAGATA,chr17,42294192,42294212,+,37.783278166324344
rs2269907_chr17_42294192_42294212_CTGAAGGCACAGACAAGATA_candidate_65,chr17,42294215,G,A,PBS,CTTGTCTG,chr17,42294201,42294209,-,37.783278166324344
rs114663765_chr10_46096958_46096978_GGGGTTGCCACTGCTGGCTC_candidate_233,chr10,46096947,A,C,sgRNA,GGGGTTGCCACTGCTGGCTC,chr10,46096958,46096978,-,37.611682997384364
rs114663765_chr10_46096958_46096978_GGGGTTGCCACTGCTGGCTC_candidate_233,chr10,46096947,A,C,PBS,CCAGCAGTGGCAAC,chr10,46096961,46096975,+,37.611682997384364
rs114663765_chr10_46096958_46096978_GGGGTTGCCACTGCTGGCTC_candidate_233,chr10,46096947,A,C,nick-gRNA,CCAATCAGCAGGATGTGGGT,chr10,46096905,46096925,+,37.611682997384364
rs114663765_chr10_46096958_46096978_GGGGTTGCCACTGCTGGCTC_candidate_233,chr10,46096947,A,C,RTS,GATGTGGGTGGGGCCAGATAAGAGAGTAAACGCAGGTTGCCTGAG,chr10,46096916,46096961,+,37.611682997384364
rs2251964_chr1_158582519_158582539_GTTTTTTCAAAGTAGGCCAC_candidate_51,chr1,158582552,G,A,nick-gRNA,TGTCATCCTAATTTGAATTC,chr1,158582556,158582576,-,37.37069768558838
rs2251964_chr1_158582519_158582539_GTTTTTTCAAAGTAGGCCAC_candidate_51,chr1,158582552,G,A,PBS,GCCTACTTTG,chr1,158582526,158582536,-,37.37069768558838
rs2251964_chr1_158582519_158582539_GTTTTTTCAAAGTAGGCCAC_candidate_51,chr1,158582552,G,A,RTS,CTAATTTGAATTCTGGTTATCTCAGGCCCGGTG,chr1,158582536,158582569,-,37.37069768558838
rs2251964_chr1_158582519_158582539_GTTTTTTCAAAGTAGGCCAC_candidate_51,chr1,158582552,G,A,sgRNA,GTTTTTTCAAAGTAGGCCAC,chr1,158582519,158582539,+,37.37069768558838
rs75402959_chr10_46092774_46092794_TACCCTCTCCTACAGTTTGT_candidate_54,chr10,46092807,C,G,nick-gRNA,ATGTATTTAACCATTTGGTA,chr10,46092874,46092894,-,36.90821468405146
rs75402959_chr10_46092774_46092794_TACCCTCTCCTACAGTTTGT_candidate_54,chr10,46092807,C,G,sgRNA,TACCCTCTCCTACAGTTTGT,chr10,46092774,46092794,+,36.90821468405146
rs75402959_chr10_46092774_46092794_TACCCTCTCCTACAGTTTGT_candidate_54,chr10,46092807,C,G,PBS,AACTGTAG,chr10,46092783,46092791,-,36.90821468405146
rs75402959_chr10_46092774_46092794_TACCCTCTCCTACAGTTTGT_candidate_54,chr10,46092807,C,G,RTS,ATCACTTGGCTCAAGCCTGAATTCTTTCTTATCTCTTCATGTCCCACA,chr10,46092791,46092839,-,36.90821468405146
rs113879410_chr1_40072979_40072999_GGGAGGCTGAAGCAGGAGAA_candidate_239,chr1,40073011,G,C,sgRNA,GGGAGGCTGAAGCAGGAGAA,chr1,40072979,40072999,+,36.857631863481565
rs113879410_chr1_40072979_40072999_GGGAGGCTGAAGCAGGAGAA_candidate_239,chr1,40073011,G,C,PBS,TCCTGCTTCAGCCT,chr1,40072982,40072996,-,36.857631863481565
rs113879410_chr1_40072979_40072999_GGGAGGCTGAAGCAGGAGAA_candidate_239,chr1,40073011,G,C,nick-gRNA,TGAGACGGAGTCTTGTTCTG,chr1,40073067,40073087,-,36.857631863481565
rs113879410_chr1_40072979_40072999_GGGAGGCTGAAGCAGGAGAA_candidate_239,chr1,40073011,G,C,RTS,TGCAATCTCGGCTCACTGCAACTTCCGCTTTCCGGGTTCACGCCATTC,chr1,40072996,40073044,-,36.857631863481565
chr18_43833701_chr18_43833715_43833735_ATGTTAATTTCTTCATTGAG_candidate_162,chr18,43833701,T,TCTG,sgRNA,ATGTTAATTTCTTCATTGAG,chr18,43833715,43833735,-,34.92832633894609
chr18_43833701_chr18_43833715_43833735_ATGTTAATTTCTTCATTGAG_candidate_162,chr18,43833701,T,TCTG,PBS,AATGAAGAAATTAA,chr18,43833718,43833732,+,34.92832633894609
chr18_43833701_chr18_43833715_43833735_ATGTTAATTTCTTCATTGAG_candidate_162,chr18,43833701,T,TCTG,nick-gRNA,CTCTCAGGTCATTTGGATCC,chr18,43833655,43833675,+,34.92832633894609
chr18_43833701_chr18_43833715_43833735_ATGTTAATTTCTTCATTGAG_candidate_162,chr18,43833701,T,TCTG,RTS,TTCCTAGCAAGTGACAAAACATCTGCTGGCAATGCGCCACTC,chr18,43833679,43833718,+,34.92832633894609
rs6427756_chr1_199000740_199000760_ATGGAAATGCCTGGATGCCC_candidate_220,chr1,199000727,A,G,nick-gRNA,GCCCCAGTAGGGACTCTGTG,chr1,199000633,199000653,+,33.92446217447754
rs6427756_chr1_199000740_199000760_ATGGAAATGCCTGGATGCCC_candidate_220,chr1,199000727,A,G,sgRNA,ATGGAAATGCCTGGATGCCC,chr1,199000740,199000760,-,33.92446217447754
rs6427756_chr1_199000740_199000760_ATGGAAATGCCTGGATGCCC_candidate_220,chr1,199000727,A,G,PBS,CATCCAGGCATTTC,chr1,199000743,199000757,+,33.92446217447754
rs6427756_chr1_199000740_199000760_ATGGAAATGCCTGGATGCCC_candidate_220,chr1,199000727,A,G,RTS,AGAGGTTCTCCATAAGTGCCCCGCCCCTGCAGCAAACTTCTACCTGGG,chr1,199000695,199000743,+,33.92446217447754
rs189753120_chr10_46064420_46064440_GAGAATGGCATGAACCCGGG_candidate_273,chr10,46064445,G,A,sgRNA,GAGAATGGCATGAACCCGGG,chr10,46064420,46064440,+,32.03437843966674
rs189753120_chr10_46064420_46064440_GAGAATGGCATGAACCCGGG_candidate_273,chr10,46064445,G,A,nick-gRNA,TTTTTTTTTTTTTTTTGAGA,chr10,46064508,46064528,-,32.03437843966674
rs189753120_chr10_46064420_46064440_GAGAATGGCATGAACCCGGG_candidate_273,chr10,46064445,G,A,PBS,GGGTTCATGCCATT,chr10,46064423,46064437,-,32.03437843966674
rs189753120_chr10_46064420_46064440_GAGAATGGCATGAACCCGGG_candidate_273,chr10,46064445,G,A,RTS,GGAGTGCAGTGGCGCCATCTCGGCTCACTGCAAGCTCTGCCTCCC,chr10,46064437,46064482,-,32.03437843966674
rs2251536_chr11_8853145_8853165_CTCCCGTAATCCCAGCACGT_candidate_195,chr11,8853177,G,C,sgRNA,CTCCCGTAATCCCAGCACGT,chr11,8853145,8853165,+,31.65940914142745
rs2251536_chr11_8853145_8853165_CTCCCGTAATCCCAGCACGT_candidate_195,chr11,8853177,G,C,PBS,TGCTGGGATTACGG,chr11,8853148,8853162,-,31.65940914142745
rs2251536_chr11_8853145_8853165_CTCCCGTAATCCCAGCACGT_candidate_195,chr11,8853177,G,C,RTS,TCTTGCGTCAGCCTCCCAACG,chr11,8853162,8853183,-,31.65940914142745
rs2251536_chr11_8853145_8853165_CTCCCGTAATCCCAGCACGT_candidate_195,chr11,8853177,G,C,nick-gRNA,ATTTTTCCATCTTTTTTTTA,chr11,8853244,8853264,-,31.65940914142745
rs34144887_chr10_46086398_46086418_GCAGAAACCAATCACAATGG_candidate_55,chr10,46086393,G,A,RTS,TCCACAAAAGAAGTGAAAATAGTCTTAACTGATGACATTCCACCA,chr10,46086356,46086401,+,28.628880496914448
rs34144887_chr10_46086398_46086418_GCAGAAACCAATCACAATGG_candidate_55,chr10,46086393,G,A,sgRNA,GCAGAAACCAATCACAATGG,chr10,46086398,46086418,-,28.628880496914448
rs34144887_chr10_46086398_46086418_GCAGAAACCAATCACAATGG_candidate_55,chr10,46086393,G,A,nick-gRNA,CCTGCACTTATACATCCAGA,chr10,46086316,46086336,+,28.628880496914448
rs34144887_chr10_46086398_46086418_GCAGAAACCAATCACAATGG_candidate_55,chr10,46086393,G,A,PBS,TTGTGATTGGTTTC,chr10,46086401,46086415,+,28.628880496914448
rs1546723_chr6_109625851_109625871_AAACCTGGAGACCTTATCTG_candidate_272,chr6,109625879,G,A,nick-gRNA,ATTTGTGCTGCCTTGACTTC,chr6,109625935,109625955,-,25.10119279404261
rs1546723_chr6_109625851_109625871_AAACCTGGAGACCTTATCTG_candidate_272,chr6,109625879,G,A,RTS,CCCACTCTGCTCCCACAG,chr6,109625868,109625886,-,25.10119279404261
rs1546723_chr6_109625851_109625871_AAACCTGGAGACCTTATCTG_candidate_272,chr6,109625879,G,A,PBS,ATAAGGTCTCCAGGTTTA,chr6,109625850,109625868,-,25.10119279404261
rs1546723_chr6_109625851_109625871_AAACCTGGAGACCTTATCTG_candidate_272,chr6,109625879,G,A,sgRNA,AAACCTGGAGACCTTATCTG,chr6,109625851,109625871,+,25.10119279404261
